camera_id;RESEX;Entorno;Comunidade;distance
C3-T1-C3-2400;Cazumbá-iracema;sim;Repouso;2662.287875
C3-T2-C2-550;Cazumbá-iracema;sim;Repouso;1804.052935
C3-T1-C5-6050;Cazumbá-iracema;sim;Repouso;6348.465577
C3-T2-C4-3000;Cazumbá-iracema;sim;Repouso;4166.771795
C3-T2-C3-1300;Cazumbá-iracema;sim;Repouso;2498.04637
C2-T3-C4-3800;Cazumbá-iracema;sim;Lua Nova;3905.811368
C2-T3-C3-2500;Cazumbá-iracema;sim;Lua Nova;2428.880076
C2-T4-C1-1050;Cazumbá-iracema;sim;Panela;1244.980832
C2-T3-C5-5100;Cazumbá-iracema;sim;Lua Nova;5239.992796
C2-T4-C3-2500;Cazumbá-iracema;sim;Panela;2682.059957
C2-T4-C2-1500;Cazumbá-iracema;sim;Panela;1570.697385
C2-T4-C5-6320;Cazumbá-iracema;sim;Panela;6579.051994
C2-T4-C4-4000;Cazumbá-iracema;sim;Panela;4258.828122
C2-T2-C1-950;Cazumbá-iracema;sim;Lua Nova;704.1549267
C2-T1-C5-5800;Cazumbá-iracema;sim;Lua Nova;6056.188722
C2-T2-C3-2500;Cazumbá-iracema;sim;Lua Nova;2188.154779
C2-T2-C2-1500;Cazumbá-iracema;sim;Lua Nova;1209.684027
C2-T2-C5-6000;Cazumbá-iracema;sim;Lua Nova;5670.355979
C2-T2-C4-4000;Cazumbá-iracema;sim;Lua Nova;3650.280108
C2-T3-C2-1600;Cazumbá-iracema;sim;Lua Nova;1587.755432
C2-T3-C1-1000;Cazumbá-iracema;sim;Lua Nova;1012.938612
C1-T4-C3-3070;Cazumbá-iracema;sim;Providência;3071.148633
C1-T4-C2-2250;Cazumbá-iracema;sim;Providência;2284.712156
C1-T4-C5-5700;Cazumbá-iracema;sim;Providência;5805.769151
C1-T4-C4-4280;Cazumbá-iracema;sim;Providência;4382.312218
C2-T1-C2-2050;Cazumbá-iracema;sim;Lua Nova;2364.62575
C2-T1-C1-1280;Cazumbá-iracema;sim;Lua Nova;1569.960209
C2-T1-C4-4000;Cazumbá-iracema;sim;Lua Nova;3826.048091
C2-T1-C3-2950;Cazumbá-iracema;sim;Lua Nova;3046.161094
C1-T2-C5-6500;Cazumbá-iracema;sim;Providência;6657.422614
C1-T2-C4-3400;Cazumbá-iracema;sim;Providência;3548.264627
C1-T3-C2-2000;Cazumbá-iracema;sim;Providência;1941.016934
C1-T3-C1-1370;Cazumbá-iracema;sim;Providência;1299.265277
C1-T3-C4-4000;Cazumbá-iracema;sim;Providência;3892.879527
C1-T3-C3-2450;Cazumbá-iracema;sim;Providência;2436.777289
C1-T4-C1-1500;Cazumbá-iracema;sim;Providência;1418.060854
C1-T3-C5-6000;Cazumbá-iracema;sim;Providência;5659.434962
C1-T1-C2-830;Cazumbá-iracema;sim;Providência;938.0520831
C1-T1-C1-330;Cazumbá-iracema;sim;Providência;422.636811
C1-T1-C4-2600;Cazumbá-iracema;sim;Providência;2759.255859
C1-T1-C3-1500;Cazumbá-iracema;sim;Providência;1821.028607
C1-T2-C1-600;Cazumbá-iracema;sim;Providência;719.6597787
C1-T1-C5-6000;Cazumbá-iracema;sim;Providência;6147.171559
C1-T2-C3-2000;Cazumbá-iracema;sim;Providência;2114.713004
C1-T2-C2-1200;Cazumbá-iracema;sim;Providência;1337.563354
STA-T2-C5-5950;Arapixi;sim;Santa Amélia;5991.673807
STA-T2-C4-5000;Arapixi;sim;Santa Amélia;5026.410383
SJE-T3-C3-2700;Arapixi;não;Extrema;2827.034044
SJE-T4-C2-1070;Arapixi;não;Extrema;1101.704157
SJE-T4-C1-450;Arapixi;não;Extrema;379.5825682
SJE-T4-C4-3250;Arapixi;não;Extrema;3302.899074
SJE-T4-C3-1930;Arapixi;não;Extrema;1876.2861
SJE-T4-C6-6550;Arapixi;não;Extrema;6604.177612
RED-T3-C1-950;Cazumbá-iracema;não;Redenção;956.878352
RED-T1-C4-3850;Cazumbá-iracema;não;Redenção;3915.434627
RED-T2-C4-4380;Cazumbá-iracema;não;Redenção;4411.26838
RED-T2-C5-6200;Cazumbá-iracema;não;Redenção;6246.139108
RED-T3-C6-6100;Cazumbá-iracema;não;Redenção;6183.928881
RED-T2-C3-3050;Cazumbá-iracema;não;Redenção;3055.852712
RED-T3-C4-3550;Cazumbá-iracema;não;Redenção;3658.669227
RED-T3-C5-4500;Cazumbá-iracema;não;Redenção;4603.764478
RED-T3-C2-1700;Cazumbá-iracema;não;Redenção;1706.228991
RED-T3-C3-2500;Cazumbá-iracema;não;Redenção;2583.931828
RED-T1-C2-1500;Cazumbá-iracema;não;Redenção;1507.57972
RED-T1-C3-2550;Cazumbá-iracema;não;Redenção;2579.913156
RED-T2-C2-2100;Cazumbá-iracema;não;Redenção;2170.149638
RED-T1-C1-750;Cazumbá-iracema;não;Redenção;750.5711956
RED-T1-C5-6050;Cazumbá-iracema;não;Redenção;6203.517154
RED-T2-C1-1550;Cazumbá-iracema;não;Redenção;1573.316287
GRA-T3-C1-2100;Cazumbá-iracema;não;Granja;2141.46433
GRA-T2-C6-5600;Cazumbá-iracema;não;Granja;5635.023241
GRA-T3-C3-3100;Cazumbá-iracema;não;Granja;3111.509198
GRA-T3-C2-980;Cazumbá-iracema;não;Granja;972.8094295
GRA-T3-C5-4330;Cazumbá-iracema;não;Granja;4340.798839
GRA-T3-C4-4100;Cazumbá-iracema;não;Granja;4170.545984
C3-T2-C1-200;Cazumbá-iracema;sim;Repouso;1418.255397
GRA-T1-C4-4100;Cazumbá-iracema;não;Granja;4180.66048
GRA-T1-C3-2800;Cazumbá-iracema;não;Granja;2822.973337
GRA-T2-C1-2060;Cazumbá-iracema;não;Granja;2036.016879
GRA-T1-C5-6000;Cazumbá-iracema;não;Granja;6039.863263
GRA-T2-C3-4500;Cazumbá-iracema;não;Granja;4513.20647
GRA-T2-C2-3600;Cazumbá-iracema;não;Granja;3634.273365
GRA-T2-C5-1300;Cazumbá-iracema;não;Granja;1290.292724
GRA-T2-C4-6000;Cazumbá-iracema;não;Granja;5984.997709
CUI-T3-C2-2070;Cazumbá-iracema;não;Cuidado;2435.885515
CUI-T3-C1-1460;Cazumbá-iracema;não;Cuidado;1843.808779
CUI-T3-C4-4100;Cazumbá-iracema;não;Cuidado;4492.369852
CUI-T3-C3-3300;Cazumbá-iracema;não;Cuidado;3716.047064
CUI-T2-C6-7000;Cazumbá-iracema;não;Cuidado;7015.843044
CUI-T3-C5-5670;Cazumbá-iracema;não;Cuidado;5968.711069
GRA-T1-C2-1800;Cazumbá-iracema;não;Granja;1845.558697
GRA-T1-C1-1300;Cazumbá-iracema;não;Granja;1325.989512
CUI-T1-C4-2670;Cazumbá-iracema;não;Cuidado;2335.233389
CUI-T1-C3-1500;Cazumbá-iracema;não;Cuidado;1516.570943
CUI-T2-C1.2-2700;Cazumbá-iracema;não;Cuidado;2701.544414
CUI-T1-C5-4100;Cazumbá-iracema;não;Cuidado;3787.288915
CUI-T2-C2-3500;Cazumbá-iracema;não;Cuidado;3477.813397
CUI-T2-C1-900;Cazumbá-iracema;não;Cuidado;973.1996163
CUI-T2-C4-6500;Cazumbá-iracema;não;Cuidado;6475.951237
CUI-T2-C3-4600;Cazumbá-iracema;não;Cuidado;4537.991755
CAZ-T2-C5-6500;Cazumbá-iracema;não;Cazumbá;6370.229206
CAZ-T2-C4-4060;Cazumbá-iracema;não;Cazumbá;3835.425919
CAZ-T3-C2-2100;Cazumbá-iracema;não;Cazumbá;1717.265521
CAZ-T3-C1-1500;Cazumbá-iracema;não;Cazumbá;1150.265717
CAZ-T3-C4-4700;Cazumbá-iracema;não;Cazumbá;4363.347632
CAZ-T3-C3-3050;Cazumbá-iracema;não;Cazumbá;2692.740022
CUI-T1-C2-950;Cazumbá-iracema;não;Cuidado;963.0935468
CUI-T1-C1-500;Cazumbá-iracema;não;Cuidado;501.3306625
C4-T2-C5-6040;Cazumbá-iracema;sim;Apuí;6094.368474
C4-T2-C4-4950;Cazumbá-iracema;sim;Apuí;4991.871219
CAZ-T1-C2-680;Cazumbá-iracema;não;Cazumbá;854.4614149
CAZ-T1-C1-250;Cazumbá-iracema;não;Cazumbá;297.348997
CAZ-T2-C1-450;Cazumbá-iracema;não;Cazumbá;456.4058092
CAZ-T1-C3-1320;Cazumbá-iracema;não;Cazumbá;1559.092424
CAZ-T2-C3-2700;Cazumbá-iracema;não;Cazumbá;2461.705531
CAZ-T2-C2-2000;Cazumbá-iracema;não;Cazumbá;1713.519157
C4-T1-C2-1700;Cazumbá-iracema;sim;Jair;1708.088078
C4-T1-C1-1100;Cazumbá-iracema;sim;Jair;1172.900774
C4-T1-C4-3850;Cazumbá-iracema;sim;Jair;3876.977227
C4-T1-C3-2550;Cazumbá-iracema;sim;Jair;2538.355329
C4-T2-C1-1970;Cazumbá-iracema;sim;Apuí;1976.722878
C4-T1-C5-6000;Cazumbá-iracema;sim;Jair;6004.631484
C4-T2-C3-3950;Cazumbá-iracema;sim;Apuí;3995.178133
C4-T2-C2-3100;Cazumbá-iracema;sim;Apuí;3165.02538
MOI-T1-C1-475;Arapixi;não;Moisés;491.7988191
ROC-T1-C4-4880;Arapixi;sim;Rocha;4349.084792
NVA-T1-C5-5500;Arapixi;não;T;5645.769887
BEB-T1-C1-1000;Arapixi;sim;Bebé;1034.347795
BEB-T1-C4-3800;Arapixi;sim;Bebé;3834.418745
BEB-T1-C3-2900;Arapixi;sim;Bebé;2914.016512
BEB-T1-C6-6200;Arapixi;sim;Bebé;6264.527439
BEB-T1-C5-5400;Arapixi;sim;Bebé;5437.421299
MAN-T2-C4-3900;Arapixi;não;Manitiã;3540.50156
MAR-T1-C2-1600;Arapixi;não;Maracaju;3873.350389
MAR-T1-C1-1000;Arapixi;não;Maracaju;3370.221895
MAR-T1-C4-3900;Arapixi;não;Maracaju;6203.268006
MAR-T1-C3-2500;Arapixi;não;Maracaju;4773.68076
MAR-T1-C6-5400;Arapixi;não;Maracaju;7403.79726
MAR-T1-C5-5000;Arapixi;não;Maracaju;7244.134946
MOI-T1-C2-1300;Arapixi;não;Moisés;1383.681916
SFO-T2-C2-1550;Médio Purus;não;São Francisco;1546.107132
SFO-T2-C1-1000;Médio Purus;não;São Francisco;1126.820803
SFO-T2-C4-3750;Médio Purus;não;São Francisco;3788.36607
SFO-T2-C3-2400;Médio Purus;não;São Francisco;2382.393422
SFO-T2-C6-6000;Médio Purus;não;São Francisco;6008.796833
SFO-T2-C5-4760;Médio Purus;não;São Francisco;4794.054628
MAL-T1-C2-1100;Médio Purus;não;Maloca;1104.600325
REM-T1-C6-5600;Médio Purus;não;Remanso;5536.488009
LAG-T1-C2-1380;Arapixi;sim;Lago do Alfredo;1320.110172
LAG-T1-C1-800;Arapixi;sim;Lago do Alfredo;733.8050229
LAG-T1-C4-3550;Arapixi;sim;Lago do Alfredo;3607.253862
LAG-T1-C3-2400;Arapixi;sim;Lago do Alfredo;2393.162321
LAG-T1-C6-6070;Arapixi;sim;Lago do Alfredo;6166.319115
LAG-T1-C5-5000;Arapixi;sim;Lago do Alfredo;5106.000412
MAN-T1-C2-1450;Arapixi;não;Manitiã;1504.803962
MAN-T1-C1-680;Arapixi;não;Manitiã;728.1666589
LIM-T2-C6-4100;Médio Purus;não;Limeira;4252.312007
POR-T2-C1-2400;Médio Purus;não;Porongaba;2327.348855
LIM-T2-C8-6000;Médio Purus;não;Limeira;6049.731347
POR-T2-C3-3800;Médio Purus;não;Porongaba;3699.813706
POR-T2-C2-3000;Médio Purus;não;Porongaba;2836.037578
POR-T2-C5-3300;Médio Purus;não;Porongaba;3184.423397
POR-T2-C4-4100;Médio Purus;não;Porongaba;3960.084635
BJS-T1-C6-6000;Médio Purus;sim;Bom Jesus;5964.215161
CAP-T2-C4-4510;Médio Purus;sim;Capacini;1471.81566
CAP-T2-C3-600_2;Médio Purus;sim;Capacini;1213.444798
LIM-T2-C1-1000;Médio Purus;não;Limeira;1138.796303
LIM-T2-C3-2000;Médio Purus;não;Limeira;2135.604924
LIM-T2-C2-1500;Médio Purus;não;Limeira;1584.506411
LIM-T2-C5-3300;Médio Purus;não;Limeira;3356.445323
LIM-T2-C4-2600;Médio Purus;não;Limeira;2761.024461
LIM-T2-C7-5000;Médio Purus;não;Limeira;5059.571811
CAP-T1-C4-3750;Médio Purus;sim;Capacini;3461.061911
CAP-T1-C3-2500;Médio Purus;sim;Capacini;2319.081929
CAP-T1-C6-6000;Médio Purus;sim;Capacini;5727.24471
CAP-T1-C5-5000;Médio Purus;sim;Capacini;4805.589736
CAP-T2-C2-500_2;Médio Purus;sim;Capacini;1528.51848
CAP-T2-C1-620_1;Médio Purus;sim;Capacini;1216.285797
REM-T2-C2-1850;Médio Purus;não;Remanso;1809.334504
REM-T2-C1-1150;Médio Purus;não;Remanso;1171.277184
BJS-T1-C5-4800;Médio Purus;sim;Bom Jesus;4773.294623
BJS-T2-C2-1300;Médio Purus;sim;Bom Jesus;1273.819607
BJS-T2-C1-750;Médio Purus;sim;Bom Jesus;695.7080879
BJS-T2-C4-3600;Médio Purus;sim;Bom Jesus;3523.345506
BJS-T2-C3-2200;Médio Purus;sim;Bom Jesus;2116.32964
BJS-T2-C6-5800;Médio Purus;sim;Bom Jesus;5753.296958
BJS-T2-C5-4700;Médio Purus;sim;Bom Jesus;4674.191875
CAP-T1-C1-1000;Médio Purus;sim;Capacini;888.1917381
STA-T2-C3-2800;Arapixi;sim;Santa Amélia;2812.839242
SAN-T1-C5-2000;Arapixi;sim;Santana;1956.451627
SAN-T1-C4-1700;Arapixi;sim;Santana;1679.020712
SAN-T1-C1-3500;Arapixi;sim;Santana;3455.459487
SAN-T1-C6-1900;Arapixi;sim;Santana;1804.457451
SJE-T1-C2-1900;Arapixi;não;S;1955.415611
SJE-T1-C1-1200;Arapixi;não;S;1193.412591
SJE-T1-C4-3900;Arapixi;não;S;3924.185054
SJE-T4-C5-5500;Arapixi;não;Extrema;5563.247977
STA-T1-C2-1750;Arapixi;sim;Santa Amélia;1759.565562
STA-T1-C1-1170;Arapixi;sim;Santa Amélia;1175.513484
STA-T1-C4-4200;Arapixi;sim;Santa Amélia;4243.269659
STA-T1-C3-2700;Arapixi;sim;Santa Amélia;2741.805263
STA-T2-C1-2250;Arapixi;sim;Santa Amélia;2274.717523
STA-T1-C5-6200;Arapixi;sim;Santa Amélia;6259.638694
STA-T2-C2-2900;Arapixi;sim;Santa Amélia;2932.739708
SJE-T3-C1-1150;Arapixi;não;Extrema;1232.013331
NVA-T3-C5-5800;Arapixi;não;Nova Amélia;5842.440172
NVA-T3-C4-4900;Arapixi;não;Nova Amélia;4986.92067
ROC-T2-C2-1850;Arapixi;sim;Rocha;1845.290424
ROC-T2-C1-1150;Arapixi;sim;Rocha;1169.469903
ROC-T1-C3-4070;Arapixi;sim;Rocha;3910.556612
ROC-T2-C3-2780;Arapixi;sim;Rocha;2785.269673
ROC-T2-C4-5400;Arapixi;sim;Rocha;5091.007869
SJE-T1-C3-2600;Arapixi;não;S;2609.035914
SJE-T2-C1-650;Arapixi;não;Extrema;726.7865182
SJE-T1-C5-5100;Arapixi;não;S;5116.935838
SJE-T2-C3-2250;Arapixi;não;Extrema;2325.669725
SJE-T2-C2-1420;Arapixi;não;Extrema;1497.974682
SJE-T2-C5-6070;Arapixi;não;Extrema;6172.560575
SJE-T2-C4-3700;Arapixi;não;Extrema;3755.080357
SJE-T3-C2-1900;Arapixi;não;Extrema;2026.693072
SAN-T1-C2-3000;Arapixi;sim;Santana;2956.089501
MOI-T1-C4-3500;Arapixi;não;Moisés;3575.726299
MOI-T1-C3-2300;Arapixi;não;Moisés;2380.234394
MOI-T1-C6-5700;Arapixi;não;Moisés;5828.003152
MOI-T1-C5-4600;Arapixi;não;Moisés;4705.212097
NVA-T1-C2-1100;Arapixi;não;T;1337.068032
NVA-T1-C1-500;Arapixi;não;T;719.4176139
NVA-T1-C4-3250;Arapixi;não;T;3463.566996
ROC-T1-C5-6050;Arapixi;sim;Rocha;5262.808086
ROC-T3-C1-500;Arapixi;não;V;794.6091888
ROC-T2-C5-6000;Arapixi;sim;Rocha;5650.720239
ROC-T3-C3-2770;Arapixi;não;V;3089.933337
ROC-T3-C2-1500;Arapixi;não;V;1902.519861
ROC-T3-C5-5000;Arapixi;não;V;5372.629068
ROC-T3-C4-3500;Arapixi;não;V;3805.954105
SAN-T1-C3-2500;Arapixi;sim;Santana;2445.835135
NVA-T3-C2-3050;Arapixi;não;Nova Amélia;3123.723382
MAN-T1-C4-3550;Arapixi;não;Manitiã;3583.164978
MAN-T1-C3-2150;Arapixi;não;Manitiã;2175.706855
MAN-T2-C1-1700;Arapixi;não;Manitiã;1739.45092
MAN-T1-C5-6000;Arapixi;não;Manitiã;6046.36747
MAN-T2-C3-3300;Arapixi;não;Manitiã;3360.300459
MAN-T2-C2-2500;Arapixi;não;Manitiã;2583.399918
MAN-T2-C5-4600;Arapixi;não;Manitiã;4560.364365
NVA-T1-C3-2000;Arapixi;não;T;2190.888284
NVA-T2-C5-4000;Arapixi;não;U;3915.294976
NVA-T2-C4-3250;Arapixi;não;U;3255.292568
NVA-T2-C2-1250;Arapixi;não;U;1262.973604
NVA-T2-C1-490;Arapixi;não;U;497.3078276
NVA-T3-C1-2390;Arapixi;não;Nova Amélia;2411.83298
NVA-T2-C3-1950;Arapixi;não;U;1997.362527
NVA-T3-C3-3750;Arapixi;não;Nova Amélia;3813.526662
5041;RDA;não;Matura;12421.32872
5042;RDA;não;Matura;12537.37952
5043;RDA;não;Matura;12648.14356
5044;RDA;não;Matura;12662.35392
5045;RDA;não;Matura;12165.11814
5052;RDA;não;FORTUNA;3509.531805
5053;RDA;não;FORTUNA;4161.489997
5054;RDA;não;FORTUNA;5620.828523
5023;RDA;não;Sororoca;2089.793087
5024;RDA;não;Sororoca;4093.549676
5025;RDA;não;Sororoca;6494.915404
5031;RDA;não;Matura;13462.07678
5032;RDA;não;Matura;13704.99018
5033;RDA;não;Matura;13534.33582
5034;RDA;não;Matura;12782.8385
5035;RDA;não;Matura;11942.21869
5074;RDA;não;Pupuai;4771.904897
5075;RDA;não;Pupuai;7734.714401
5081;RDA;sim;F;6666.677344
5082;RDA;sim;F;6580.490798
5083;RDA;sim;F;6533.805498
5084;RDA;sim;F;6924.278834
5085;RDA;sim;F;9467.682401
5091;RDA;sim;H;5805.510864
5055;RDA;não;FORTUNA;7727.852677
5061;RDA;não;ROQUE;1885.811525
5062;RDA;não;ROQUE;2157.639958
5063;RDA;não;ROQUE;2806.212774
5064;RDA;não;ROQUE;4775.374489
5065;RDA;não;ROQUE;7786.564424
5072;RDA;não;Pupuai;2075.854989
5073;RDA;não;Pupuai;2707.159689
7011;RDU;sim;sao jose do uatuma;1583.302913
7012;RDU;sim;sao jose do uatuma;1827.695814
7013;RDU;sim;sao jose do uatuma;2182.55345
7014;RDU;sim;sao jose do uatuma;4493.867079
7015;RDU;sim;sao jose do uatuma;7488.722411
7021;RDU;sim;M;565.1106219
7022;RDU;sim;M;851.6198947
7023;RDU;sim;M;1511.569302
5092;RDA;sim;H;6100.140347
5093;RDA;sim;H;6742.25265
5094;RDA;sim;H;8175.058145
5095;RDA;sim;H;10547.84667
5101;RDA;sim;Cara_1;2220.078773
5102;RDA;sim;Cara_1;2487.682281
5103;RDA;sim;Cara_1;3145.481957
5104;RDA;sim;Cara_1;5131.153429
7045;RDU;não;tucumaiduba;6620.460786
7051;RDU;não;N;5303.17647
7052;RDU;não;N;5398.90943
7053;RDU;não;N;5722.064989
7054;RDU;não;N;7302.928108
7061;RDU;não;flechal;599.7062868
7062;RDU;não;flechal;925.0791374
7063;RDU;não;flechal;1556.497243
7025;RDU;sim;M;4667.767579
7031;RDU;sim;macacaboi;1187.64915
7032;RDU;sim;macacaboi;1466.055151
7033;RDU;sim;macacaboi;2139.11054
7034;RDU;sim;macacaboi;3589.025735
7035;RDU;sim;macacaboi;6132.202065
7041;RDU;não;tucumaiduba;1180.504023
7042;RDU;não;tucumaiduba;1467.568157
3042;RDA;sim;Carauari pe da terra;1940.350335
3043;RDA;sim;Carauari pe da terra;2564.561504
3044;RDA;sim;Carauari pe da terra;4643.958445
3045;RDA;sim;Carauari pe da terra;7639.533662
3051;RDA;sim;I;4843.947583
3052;RDA;sim;I;5153.523472
3053;RDA;sim;I;5818.167413
3054;RDA;sim;I;7845.23454
3024;RDA;sim;J;3949.673644
3025;RDA;sim;J;6994.985339
3031;RDA;sim;L;1255.440264
3032;RDA;sim;L;1489.398851
3033;RDA;sim;L;2227.066981
3034;RDA;sim;L;4209.903442
3035;RDA;sim;L;7137.250722
3041;RDA;sim;Carauari pe da terra;1647.940273
3073;RDA;não;Xibauazinho;4672.694476
3074;RDA;não;Xibauazinho;6701.915631
3075;RDA;não;Xibauazinho;9672.054854
3081;RDA;não;Xibaua;803.6201862
3082;RDA;não;Xibaua;1108.976088
3083;RDA;não;Xibaua;1808.631129
3084;RDA;não;Xibaua;3754.920576
3085;RDA;não;Xibaua;5812.609023
3055;RDA;sim;I;10794.18717
3061;RDA;não;Bonfim;4368.578009
3062;RDA;não;Bonfim;4457.681671
3063;RDA;não;Bonfim;5337.247017
3064;RDA;não;Bonfim;7281.070108
3065;RDA;não;Bonfim;9642.147169
3071;RDA;não;Xibauazinho;3745.169166
3072;RDA;não;Xibauazinho;4059.732971
4015;RDA;não;Sao Jose (Anaxiqui);7562.495532
4022;RDA;não;B;4662.923714
4023;RDA;não;B;5304.839916
4024;RDA;não;B;7474.290821
4031;RDA;não;X;7480.349407
4032;RDA;não;X;7772.665756
4033;RDA;não;X;8393.276247
4034;RDA;não;X;10354.41615
3091;RDA;não;Carocal;8021.29146
3092;RDA;não;Carocal;8115.206359
3093;RDA;não;Carocal;8460.75807
3094;RDA;não;Carocal;10493.18161
4011;RDA;não;Sao Jose (Anaxiqui);1641.784967
4012;RDA;não;Sao Jose (Anaxiqui);1961.602357
4013;RDA;não;Sao Jose (Anaxiqui);2579.28963
4014;RDA;não;Sao Jose (Anaxiqui);4574.663254
4054;RDA;não;D;7385.577016
5011;RDA;não;Sororoca;6269.837497
5012;RDA;não;Sororoca;6474.945194
5013;RDA;não;Sororoca;6555.369645
5014;RDA;não;Sororoca;7945.076173
5015;RDA;não;Sororoca;10431.49328
5021;RDA;não;Sororoca;1123.87578
5022;RDA;não;Sororoca;1396.509159
4035;RDA;não;X;13230.41138
4041;RDA;não;C;351.8317908
4042;RDA;não;C;595.4646464
4043;RDA;não;C;1284.804479
4044;RDA;não;C;3276.673418
4045;RDA;não;C;6211.0622
4051;RDA;não;D;4692.259796
4053;RDA;não;D;5446.250932
6013;RDA;sim;I;1612.791055
6021;RDA;não;Bareira do ido;75.96771696
6022;RDA;não;Bareira do ido;369.3023921
6023;RDA;não;Bareira do ido;1012.81458
6031;RDA;não;BAUANA;775.5694266
6032;RDA;não;BAUANA;1064.567789
6033;RDA;não;BAUANA;1749.943636
6034;RDA;não;BAUANA;2824.210872
8092;RDU;sim;sao francisco_2;1041.816472
8093;RDU;sim;sao francisco_2;1689.046275
8094;RDU;sim;sao francisco_2;3654.694432
8101;RDU;sim;ig do raimundo;1816.407009
8102;RDU;sim;ig do raimundo;1851.339851
8103;RDU;sim;ig do raimundo;1851.880338
8104;RDU;sim;ig do raimundo;3040.377348
6011;RDA;sim;I;1221.816357
6041;RDA;não;6041;504.2261715
7083;RDU;não;livramento;4640.322957
7084;RDU;não;livramento;6520.624743
7085;RDU;não;livramento;9447.899025
7091;RDU;não;sao francisco_1;3505.01198
7093;RDU;não;sao francisco_1;4193.680583
7094;RDU;não;sao francisco_1;5811.960127
7095;RDU;não;sao francisco_1;8860.341433
7101;RDU;não;sta lucia jacarequar;1583.227866
7064;RDU;não;flechal;3503.453395
7071;RDU;não;R;11372.65162
7072;RDU;não;R;11566.48502
7073;RDU;não;R;11976.51674
7074;RDU;não;R;13259.66539
7075;RDU;não;R;15065.93351
7081;RDU;não;livramento;3793.186048
7082;RDU;não;livramento;4061.43702
7115;RDU;não;O;5854.334081
8011;RDU;sim;sao jao batista;3832.891822
8012;RDU;sim;sao jao batista;4111.580594
8013;RDU;sim;sao jao batista;4767.741295
8014;RDU;sim;sao jao batista;6760.039032
8015;RDU;sim;sao jao batista;9604.173706
8021;RDU;sim;serra do bacabal;2147.866984
8022;RDU;sim;serra do bacabal;2375.861676
7102;RDU;não;sta lucia jacarequar;1855.542385
7103;RDU;não;sta lucia jacarequar;2507.150826
7104;RDU;não;sta lucia jacarequar;4023.879653
7105;RDU;não;sta lucia jacarequar;6349.460173
7111;RDU;não;O;394.4171116
7112;RDU;não;O;716.876633
7113;RDU;não;O;1358.403973
7114;RDU;não;O;3196.190712
8041;RDU;não;P;1786.156826
8042;RDU;não;P;1948.875079
8043;RDU;não;P;2449.447036
8044;RDU;não;P;3754.586264
8045;RDU;não;P;5367.399821
8051;RDU;não;nossa sra de fatima;4272.695634
8052;RDU;não;nossa sra de fatima;4557.605202
8053;RDU;não;nossa sra de fatima;5203.688091
8023;RDU;sim;serra do bacabal;2920.088941
8024;RDU;sim;serra do bacabal;3999.085347
8025;RDU;sim;serra do bacabal;6324.935328
8031;RDU;sim;do arara;3127.973823
8032;RDU;sim;do arara;3416.54247
8033;RDU;sim;do arara;3981.740981
8034;RDU;sim;do arara;5923.910563
8035;RDU;sim;do arara;8860.208897
8073;RDU;sim;monte siao_1;1284.321297
8074;RDU;sim;monte siao_1;3305.46267
8075;RDU;sim;monte siao_1;6277.28552
8081;RDU;sim;Q;1049.785413
8082;RDU;sim;Q;1255.628284
8083;RDU;sim;Q;2010.501016
8084;RDU;sim;Q;3941.858786
8085;RDU;sim;Q;6822.17236
8054;RDU;não;nossa sra de fatima;6718.367883
8055;RDU;não;nossa sra de fatima;8742.367883
8061;RDU;sim;sao francisco_3;906.0148608
8062;RDU;sim;sao francisco_3;682.9898607
8063;RDU;sim;sao francisco_3;1020.67879
8064;RDU;sim;sao francisco_3;2852.114546
8071;RDU;sim;monte siao_1;348.7382435
8072;RDU;sim;monte siao_1;685.1548955
C1-T1-C1-1400;Riozinho_Liberdade;sim;Santa Rita;1409.835732
C1-T1-C4-4345;Riozinho_Liberdade;sim;Santa Rita;4215.450577
C1-T1-C3-2950;Riozinho_Liberdade;sim;Santa Rita;2889.927147
C1-T1-C5-6005;Riozinho_Liberdade;sim;Santa Rita;5960.036058
C2-T3-C5-6000;Riozinho_Liberdade;sim;São João;6030.518492
C2-T3-C4-3850;Riozinho_Liberdade;sim;São João;4012.200857
C2-T3-C1-700;Riozinho_Liberdade;sim;São João;1037.66873
C2-T3-C3-2330;Riozinho_Liberdade;sim;São João;2702.871501
MAP-T2-C4-4950;Riozinho_Liberdade;não;Mapes_2;3346.752556
MAP-T2-C3-4000;Riozinho_Liberdade;não;Mapes_2;2435.606174
MAP-T2-C5-6200;Riozinho_Liberdade;não;Mapes_2;4481.692071
C1-T2-C3-3140;Riozinho_Liberdade;sim;Santa Rita_2;3150.870851
C1-T2-C2-2240;Riozinho_Liberdade;sim;Santa Rita_2;2237.132531
C1-T2-C4-4400;Riozinho_Liberdade;sim;Santa Rita_2;4410.791933
C1-T2-C1-1600;Riozinho_Liberdade;sim;Santa Rita_2;1640.03818
C1-T1-C2-2000;Riozinho_Liberdade;sim;Santa Rita;1990.151065
C2-T1-C2-2500;Riozinho_Liberdade;sim;São João;2598.366958
C2-T1-C5-5900;Riozinho_Liberdade;sim;São João;5976.332188
C2-T1-C4-4300;Riozinho_Liberdade;sim;São João;4379.635403
C3-T3-C5-6000;Riozinho_Liberdade;sim;São José;5491.559948
C3-T3-C1-1450;Riozinho_Liberdade;sim;São José;1477.08142
C3-T3-C3-3100;Riozinho_Liberdade;sim;São José;3131.037779
C3-T3-C2-2000;Riozinho_Liberdade;sim;São José;2027.462955
C3-T3-C4-4200;Riozinho_Liberdade;sim;São José;3964.86814
C2-T3-C2-1300;Riozinho_Liberdade;sim;São João;1650.269134
C2-T2-C2-3000;Riozinho_Liberdade;sim;São João_2;2974.462021
C2-T2-C1-2300;Riozinho_Liberdade;sim;São João_2;2499.195515
C2-T2-C4-4750;Riozinho_Liberdade;sim;São João_2;4306.104852
C2-T2-C3-3700;Riozinho_Liberdade;sim;São João_2;3558.298004
C2-T2-C5-6005;Riozinho_Liberdade;sim;São João_2;5764.569889
C2-T1-C1-1900;Riozinho_Liberdade;sim;São João;1927.53779
C2-T1-C3-3400;Riozinho_Liberdade;sim;São João;3506.42423
C3-T1-C5-4700;Riozinho_Liberdade;sim;São José;4759.267393
C3-T1-C4-4000;Riozinho_Liberdade;sim;São José;4030.989658
C4-T3-C6-6000;Riozinho_Liberdade;sim;São Luiz;6564.493428
C4-T3-C5-4700;Riozinho_Liberdade;sim;São Luiz;5444.190362
C4-T3-C1-950;Riozinho_Liberdade;sim;São Luiz;1655.042969
C4-T3-C3-2350;Riozinho_Liberdade;sim;São Luiz;3079.395699
C4-T3-C2-1530;Riozinho_Liberdade;sim;São Luiz;2279.706008
C4-T3-C4-3740;Riozinho_Liberdade;sim;São Luiz;4492.872734
C3-T2-C2-1220;Riozinho_Liberdade;sim;São José;1247.968706
C3-T2-C1-450;Riozinho_Liberdade;sim;São José;474.903278
C3-T2-C4-3700;Riozinho_Liberdade;sim;São José;3760.527852
C3-T2-C3-2020;Riozinho_Liberdade;sim;São José;2044.981374
C3-T2-C5-6000;Riozinho_Liberdade;sim;São José;6096.033844
C3-T1-C1-1500;Riozinho_Liberdade;sim;São José;1485.913002
C3-T1-C3-3000;Riozinho_Liberdade;sim;São José;3052.17809
C3-T1-C2-2230;Riozinho_Liberdade;sim;São José;2241.253586
C4-T1-C4-4150;Riozinho_Liberdade;sim;São Luiz;4285.000285
C4-T1-C6-5950;Riozinho_Liberdade;sim;São Luiz;5981.278759
C4-T1-C3-3400;Riozinho_Liberdade;sim;São Luiz;3520.417325
MAP-T1-C3-2560;Riozinho_Liberdade;não;Mapes;2334.212809
MAP-T1-C1-1100;Riozinho_Liberdade;não;Mapes;1242.718856
MAP-T1-C5-6050;Riozinho_Liberdade;não;Mapes;5493.380336
MAP-T1-C4-3950;Riozinho_Liberdade;não;Mapes;3593.66165
MOR-T2-C1-700;Riozinho_Liberdade;não;Morro da Pedra;766.5122007
C4-T2-C1-1600;Riozinho_Liberdade;sim;São Luiz_2;1637.073208
C4-T2-C3-3250;Riozinho_Liberdade;sim;São Luiz_2;3256.223006
C4-T2-C2-2300;Riozinho_Liberdade;sim;São Luiz_2;2360.710049
C4-T2-C5-5150;Riozinho_Liberdade;sim;São Luiz_2;5272.864893
C4-T2-C4-4150;Riozinho_Liberdade;sim;São Luiz_2;4178.265837
C4-T2-C6-6150;Riozinho_Liberdade;sim;São Luiz_2;6257.68376
C4-T1-C2-2880;Riozinho_Liberdade;sim;São Luiz;3011.588769
C4-T1-C5-5050;Riozinho_Liberdade;sim;São Luiz;5125.670323
SFO-T1-C6-6000;Médio Purus;não;São Francisco;6073.765734
SFO-T1-C5-4600;Médio Purus;não;São Francisco;4640.747424
BJS-T1-C2-1700;Médio Purus;sim;Bom Jesus;1733.28983
BJS-T1-C1-1000;Médio Purus;sim;Bom Jesus;1033.819642
BJS-T1-C4-3800;Médio Purus;sim;Bom Jesus;3770.639664
BJS-T1-C3-2600;Médio Purus;sim;Bom Jesus;2599.777527
MAL-T2-C3-3700;Médio Purus;não;Maloca;3703.791729
MAL-T2-C2-3200;Médio Purus;não;Maloca;3266.931148
REM-T2-C4-4000;Médio Purus;não;Remanso;3927.054674
REM-T2-C3-2700;Médio Purus;não;Remanso;2632.631678
REM-T2-C6-5900;Médio Purus;não;Remanso;5890.282197
REM-T2-C5-4950;Médio Purus;não;Remanso;4909.201872
SFO-T1-C2-1000;Médio Purus;não;São Francisco;990.2066064
SFO-T1-C1-500;Médio Purus;não;São Francisco;523.6506099
SFO-T1-C4-3100;Médio Purus;não;São Francisco;3093.58461
SFO-T1-C3-1600;Médio Purus;não;São Francisco;1623.084776
REM-T1-C1-950;Médio Purus;não;Remanso;870.9808779
POR-T1-C5-4500;Médio Purus;não;Porongaba;4512.968878
REM-T1-C3-2300;Médio Purus;não;Remanso;2288.12654
REM-T1-C2-1500;Médio Purus;não;Remanso;1485.713168
REM-T1-C5-4500;Médio Purus;não;Remanso;4464.097738
REM-T1-C4-3750;Médio Purus;não;Remanso;3749.536893
IUT-T1-C6-4000;Médio Purus;sim;Iutari;4082.514664
IUT-T1-C5-3300;Médio Purus;sim;Iutari;3365.017276
MAL-T2-C5-5000;Médio Purus;não;Maloca;5078.948148
MAL-T2-C4-4500;Médio Purus;não;Maloca;4539.968237
MAL-T2-C7-6200;Médio Purus;não;Maloca;6245.51964
MAL-T2-C6-5500;Médio Purus;não;Maloca;5555.498877
POR-T1-C2-1000;Médio Purus;não;Porongaba;903.25736
POR-T1-C1-500;Médio Purus;não;Porongaba;351.241952
POR-T1-C4-3250;Médio Purus;não;Porongaba;3229.691917
POR-T1-C3-1980;Médio Purus;não;Porongaba;1910.284933
MAL-T1-C1-600;Médio Purus;não;Maloca;588.2022185
LIM-T1-C7-5700;Médio Purus;não;Limeira;5749.581872
MAL-T1-C4-3000;Médio Purus;não;Maloca;2975.312591
MAL-T1-C3-1900;Médio Purus;não;Maloca;1907.541569
MAL-T2-C1-3300;Médio Purus;não;Maloca;3338.886275
MAL-T1-C5-3800;Médio Purus;não;Maloca;3779.548618
CAP-T3-C6-4600;Médio Purus;sim;Capacini;4922.95029
CAP-T3-C3-1700;Médio Purus;sim;Capacini;2061.790402
IUT-T1-C8-5300;Médio Purus;sim;Iutari;5298.251826
IUT-T1-C7-4700;Médio Purus;sim;Iutari;4699.929812
LIM-T1-C2-2400;Médio Purus;não;Limeira;2433.327381
LIM-T1-C1-1800;Médio Purus;não;Limeira;1879.599812
LIM-T1-C4-3600;Médio Purus;não;Limeira;3714.76827
LIM-T1-C3-3100;Médio Purus;não;Limeira;3164.978688
LIM-T1-C6-4900;Médio Purus;não;Limeira;4927.052785
LIM-T1-C5-4200;Médio Purus;não;Limeira;4213.50037
IND-T1-C5-4300;Médio Purus;não;Independência;4329.136008
IND-T1-C4-3250;Médio Purus;não;Independência;3305.421608
IUT-T1-C2-1000;Médio Purus;sim;Iutari;1031.930307
IUT-T1-C1-480;Médio Purus;sim;Iutari;495.8679234
IUT-T1-C4-2800;Médio Purus;sim;Iutari;2747.8044
IUT-T1-C3-1750;Médio Purus;sim;Iutari;1778.145224
MAP-T2-C2-3000;Riozinho_Liberdade;não;Mapes_2;1599.977578
MAP-T2-C1-2500;Riozinho_Liberdade;não;Mapes_2;1103.253771
CAP-T3-C2-1000;Médio Purus;sim;Capacini;1361.963083
CAP-T3-C1-300;Médio Purus;sim;Capacini;727.2702564
CAP-T3-C5-3500;Médio Purus;sim;Capacini;3824.841958
CAP-T3-C4-2000;Médio Purus;sim;Capacini;2319.798089
IND-T1-C6-5900;Médio Purus;não;Independência;5928.198402
IND-T1-C1-500;Médio Purus;não;Independência;443.2925997
IND-T1-C3-1800;Médio Purus;não;Independência;1759.930203
IND-T1-C2-1000;Médio Purus;não;Independência;987.963407
1061;RDA;não;Sao Raimundo;1442.100627
1062;RDA;não;Sao Raimundo;1665.938081
1063;RDA;não;Sao Raimundo;2284.545377
1064;RDA;não;Sao Raimundo;3577.336643
1065;RDA;não;Sao Raimundo;3751.267978
2011;RDA;sim;H;4560.280664
2012;RDA;sim;H;4789.201901
2013;RDA;sim;H;5230.787915
1042;RDA;não;Bom Jesus Jurua;3094.851281
1043;RDA;não;Bom Jesus Jurua;3592.911179
1044;RDA;não;Bom Jesus Jurua;5602.325545
1045;RDA;não;Bom Jesus Jurua;8602.866385
1051;RDA;não;Novo Unaci;1056.908419
1052;RDA;não;Novo Unaci;1350.667372
1053;RDA;não;Novo Unaci;1883.053207
1054;RDA;não;Novo Unaci;3826.116107
2033;RDA;não;Z;2112.083614
2034;RDA;não;Z;3408.579762
2035;RDA;sim;Z;6551.043898
2041;RDA;não;Z;2056.637766
2042;RDA;não;Z;2051.087738
2043;RDA;não;Z;2288.308988
2044;RDA;não;Z;3809.39401
2051;RDA;não;Pupuai;1785.747687
2014;RDA;sim;H;6902.3695
2015;RDA;sim;H;9157.51237
2021;RDA;sim;G;8923.494832
2022;RDA;sim;G;9194.832742
2023;RDA;sim;G;9946.231639
2024;RDA;sim;G;11822.10826
2031;RDA;não;Z;1210.590653
2032;RDA;não;Z;1473.656986
2065;RDA;não;ROQUE;8469.767819
2071;RDA;não;ROQUE;2282.895806
2072;RDA;não;ROQUE;2419.18156
2073;RDA;não;ROQUE;2872.054842
2074;RDA;não;ROQUE;4646.322221
2081;RDA;não;E;1116.253546
2082;RDA;não;E;1393.536356
2083;RDA;não;E;1984.225295
2052;RDA;não;Pupuai;1845.859754
2053;RDA;não;Pupuai;2300.465937
2054;RDA;não;Pupuai;3967.647425
2055;RDA;não;Pupuai;6610.554118
2061;RDA;não;ROQUE;2627.627231
2062;RDA;não;ROQUE;2806.41922
2063;RDA;não;ROQUE;3209.672279
2064;RDA;não;ROQUE;5408.775048
3011;RDA;sim;Carauari Riozinho;1247.615029
3012;RDA;sim;Carauari Riozinho;1457.143801
3013;RDA;sim;Carauari Riozinho;2032.030486
3014;RDA;sim;Carauari Riozinho;3941.867559
3015;RDA;sim;Carauari Riozinho;6941.459822
3021;RDA;sim;J;1151.796778
3022;RDA;sim;J;1425.170847
3023;RDA;sim;J;1997.445705
2084;RDA;não;E;4061.847181
2091;RDA;não;FORTUNA;4642.634784
2092;RDA;não;FORTUNA;4859.409121
2093;RDA;não;FORTUNA;5481.447791
2094;RDA;não;FORTUNA;7090.704499
2095;RDA;não;FORTUNA;7617.158134
2101;RDA;não;Imperatrix;2509.904221
2102;RDA;não;Imperatrix;2725.674459
MOR-T1-C3-2250;Riozinho_Liberdade;não;Morro da Pedra;2268.436494
LIM-T1-C10-5800;Riozinho_Liberdade;não;Limão;5868.717
LIM-T1-C1-770;Riozinho_Liberdade;não;Limão;782.1576287
LIM-T1-C3-1800;Riozinho_Liberdade;não;Limão;1842.528479
LIM-T1-C2-1300;Riozinho_Liberdade;não;Limão;1270.380673
LIM-T1-C5-2800;Riozinho_Liberdade;não;Limão;2813.177832
LIM-T1-C4-2400;Riozinho_Liberdade;não;Limão;2422.187112
LIM-T1-C7-3930;Riozinho_Liberdade;não;Limão;3962.538401
MOR-T2-C3-2200;Riozinho_Liberdade;não;Morro da Pedra;2211.991505
MOR-T2-C2-1400;Riozinho_Liberdade;não;Morro da Pedra;1487.965625
MOR-T3-C2-5340;Riozinho_Liberdade;não;Morro da Pedra;5450.800552
MOR-T3-C1-4000;Riozinho_Liberdade;não;Morro da Pedra;4123.423832
MOR-T3-C3-6000;Riozinho_Liberdade;não;Morro da Pedra;6117.870908
MOR-T1-C2-1300;Riozinho_Liberdade;não;Morro da Pedra;1343.206101
MOR-T1-C1-800;Riozinho_Liberdade;não;Morro da Pedra;872.3202534
MOR-T1-C4-3070;Riozinho_Liberdade;não;Morro da Pedra;3107.834589
PER-T3-C1-400;Riozinho_Liberdade;não;Periquito;1093.797862
PER-T3-C3-2580;Riozinho_Liberdade;não;Periquito;2521.445687
PER-T3-C2-1520;Riozinho_Liberdade;não;Periquito;1471.806212
PER-T3-C5-5670;Riozinho_Liberdade;não;Periquito;5495.281491
PER-T3-C4-3880;Riozinho_Liberdade;não;Periquito;3878.443519
PER-T2-C2-1550;Riozinho_Liberdade;não;Periquito;1552.649172
PER-T2-C1-550;Riozinho_Liberdade;não;Periquito;549.9332733
PER-T2-C4-4090;Riozinho_Liberdade;não;Periquito;4108.814564
LIM-T1-C6-3380;Riozinho_Liberdade;não;Limão;3401.704596
LIM-T1-C9-5170;Riozinho_Liberdade;não;Limão;5205.584434
LIM-T1-C8-4550;Riozinho_Liberdade;não;Limão;4580.536205
PER-T4-C2-2070;Riozinho_Liberdade;não;Periquito;2164.427831
PER-T4-C1-1350;Riozinho_Liberdade;não;Periquito;1436.31167
PER-T4-C4-4000;Riozinho_Liberdade;não;Periquito;4096.01833
PER-T4-C3-2830;Riozinho_Liberdade;não;Periquito;2930.876339
PER-T4-C5-6000;Riozinho_Liberdade;não;Periquito;6150.365821
ALE-T2-C3-2800;Riozinho_Liberdade;não;Alegria;2870.492013
ALE-T2-C2-1500;Riozinho_Liberdade;não;Alegria;1546.141073
ALE-T2-C5-6180;Riozinho_Liberdade;não;Alegria;6254.17563
ALE-T2-C4-4200;Riozinho_Liberdade;não;Alegria;4227.131827
ALE-T1-C2-850;Riozinho_Liberdade;não;Alegria_2;735.8447653
ALE-T1-C1-288;Riozinho_Liberdade;não;Alegria_2;216.5346635
ALE-T1-C4-4800;Riozinho_Liberdade;não;Alegria_2;4739.756135
ALE-T1-C3-2550;Riozinho_Liberdade;não;Alegria_2;2470.715538
PER-T2-C3-2460;Riozinho_Liberdade;não;Periquito;2573.255032
PER-T2-C5-5670;Riozinho_Liberdade;não;Periquito;5711.162696
PER-T1-C3-2770;Riozinho_Liberdade;não;Periquito;2855.172321
PER-T1-C2-1550;Riozinho_Liberdade;não;Periquito;1651.926463
PER-T1-C5-5850;Riozinho_Liberdade;não;Periquito;5946.861342
PER-T1-C4-4000;Riozinho_Liberdade;não;Periquito;4056.215909
PER-T1-C1-1080;Riozinho_Liberdade;não;Periquito;1148.248687
ALE-T2-C1-850;Riozinho_Liberdade;não;Alegria;874.4490232
1024;RDA;não;Matura;7292.989217
1025;RDA;não;Matura;6840.579887
1031;RDA;não;Bom Jesus Jurua;1561.577783
1032;RDA;não;Bom Jesus Jurua;1860.968797
1033;RDA;não;Bom Jesus Jurua;2508.612124
1034;RDA;não;Bom Jesus Jurua;4489.130825
1035;RDA;não;Bom Jesus Jurua;7439.182196
1041;RDA;não;Bom Jesus Jurua;2793.649569
ALE-T1-C5-5900;Riozinho_Liberdade;não;Alegria_2;5859.244947
1012;RDA;não;BAUANA;3362.523937
1013;RDA;não;BAUANA;3980.130497
1014;RDA;não;BAUANA;5976.305443
1015;RDA;não;BAUANA;8698.784194
1021;RDA;não;Matura;9751.210996
1022;RDA;não;Matura;9463.053459
1023;RDA;não;Matura;8871.026201
C3-T1-C2-1240;Cazumbá-iracema;sim;Repouso;1525.064614
C3-T1-C1-830;Cazumbá-iracema;sim;Repouso;1179.231266
C3-T1-C4-3440;Cazumbá-iracema;sim;Repouso;3737.485485