Name;RESEX;Entorno;Comunidade;Comunidade_T;Camera;Patrimôni;SD;Dist_comun;Altura;Instalacao;Retirada;N_fotos;Bat_in;Bat_fim;Instalador;Observaça;Vegetacao;Modelo;Transeccao;Cadeado;Problemas;Problem1_from;Problem1_to;distancia_RESEX;Distância_hidrografia;Distância_comunidade;Residências_500m;Residências_2.5km;Residências_5km;Residências_10km;Somatória_densidade;Distância_acesso_cidade
ALE-T1-C1-288;RRL;Não;Alegria;Alegria_T1;1;B160614242;RCI15;288;45;18/09/2018;08/11/2018;357;100;66;RS/Elzo/Li;;Mata primária;E2;T1;Amarelo 636;Datas desconfiguradas 10/10/2018;;;541.8;152.8;280.3;5;16;26;78;0.271;5718.7
ALE-T1-C2-850;RRL;Não;Alegria;Alegria_T1;2;B171014776;CENAP06;810;40;18/09/2018;08/11/2018;147;100;66;RS/Elzo/Li;;Mata primária;E3;T1;Vermelho 402;;;;179.7;168.1;810.1;1;13;22;75;0.271;6186.0
ALE-T1-C3-2550;RRL;Não;Alegria;Alegria_T1;3;B160314398;RCI32;2550;45;18/09/2018;08/11/2018;247;100;100;RS/Elzo/Li;;Mata primária;E2;T1;Verde 918;;;;92.7;47.5;2551.1;0;2;16;51;0.271;8068.2
ALE-T1-C4-4800;RRL;Não;Alegria;Alegria_T1;4;B140618451;RCI23;4800;45;18/09/2018;08/11/2018;344;100;66;RS/Elzo/Li;;Mata primária;HD preta;T1;Amarelo 320;;;;450.0;11.0;4814.3;0;0;4;37;0.271;10251.8
ALE-T1-C5-5900;RRL;Não;Alegria;Alegria_T1;5;B171014817;CENAP15;5900;40;18/09/2018;08/11/2018;126;66;66;RS/Elzo/Li;;Mata primária;E3;T1;Branco 214;Parece que acabou a pilha;04/11/2018;08/11/2018;218.2;59.0;5934.9;0;0;0;29;0.271;11382.8
ALE-T2-C1-850;RRL;Não;Alegria;Alegria_T2;1;B160316607;RCI26;850;40;19/09/2018;09/11/2018;126;66;66;RS/Elzo/Be;;Mata primária;E2;T2;Vermelho 479;;;;701.2;308.5;874.4;0;21;37;143;0.271;772.5
ALE-T2-C2-1500;RRL;Não;Alegria;Alegria_T2;2;B171015262;CENAP78;1500;35;19/09/2018;09/11/2018;156;66;66;RS/Elzo/Be;;Mata primária;E3;T2;Amarelo 938;;;;233.2;84.1;1546.1;3;21;35;128;0.271;1240.8
ALE-T2-C3-2800;RRL;Não;Alegria;Alegria_T2;3;B160313856;RS02;2800;45;19/09/2018;09/11/2018;219;100;100;RS/Elzo/Be;;Mata primária;HD;T2;Azul 127;;;;366.6;0.9;2870.5;0;10;37;85;0.271;2550.8
ALE-T2-C4-4200;RRL;Não;Alegria;Alegria_T2;4;B171015025;CENAP70;4200;45;19/09/2018;09/11/2018;114;100;66;RS/Elzo/Be;;Mata primária;E3;T2;Azul 578;;;;134.6;275.5;4227.1;0;4;32;57;0.271;3839.2
ALE-T2-C5-6180;RRL;Não;Alegria;Alegria_T2;5;B160530750;RCI19;6180;45;19/09/2018;09/11/2018;375;100;66;RS/Elzo/Be;;Mata primária;E2;T2;Dourado 408;;;;490.2;24.7;6254.2;0;0;6;63;0.271;5715.9
BEB-T1-C1-1000;REA;Sim;Bebé;Bebé;1;B171015118;CENAP54;1000;50;24/04/2019;11/06/2019;91;100;100;RS/Raimundo/Bartola;;Terra firme;E3;1;Vermelho 215;;;;1359.9;1195.9;1034.3;0;3;23;146;0.205;1652.3
BEB-T1-C3-2900;REA;Sim;Bebé;Bebé;3;B180520634;CENAP68;2900;50;24/04/2019;11/06/2019;165;100;100;RS/Raimundo/Bartola;;Terra firme;E3;1;Dourado 177;;;;3232.7;858.2;2914.0;0;0;9;133;0.205;3474.1
BEB-T1-C4-3800;REA;Sim;Bebé;Bebé;4;B180521292;CENAP93;3800;50;24/04/2019;11/06/2019;171;100;100;RS/Raimundo/Bartola;;Terra firme;E3;1;Dourado 609;;;;3905.0;476.9;3834.4;0;0;5;115;0.205;4339.5
BEB-T1-C5-5400;REA;Sim;Bebé;Bebé;5;B171014774;CENAP70;5400;50;24/04/2019;11/06/2019;127;100;100;RS/Raimundo/Bartola;;Terra firme;E3;1;Branco 719;;;;4456.3;409.4;5437.4;0;0;2;71;0.205;5781.0
BEB-T1-C6-6200;REA;Sim;Bebé;Bebé;6;B160316253;RCI26;6200;45;24/04/2019;11/06/2019;156;100;100;RS/Raimundo/Bartola;;Terra firme;E3;1;Dourado 351;;;;4427.9;794.8;6264.5;0;0;2;58;0.205;6446.8
BJS-T1-C1-1000;RMP;Sim;Bom Jesus;Bom Jesus;1;B180845977;CENAP13;1000;30;07/07/2019;25/08/2019;261;;66;Bené/Henrique/Roberto;;Várzea;E3;1;CADEADO 389;;;;1254.6;1200.2;1033.8;0;7;18;41;0.125;1113.0
BJS-T1-C2-1700;RMP;Sim;Bom Jesus;Bom Jesus;2;B171015119;CENAP06;1700;25;07/07/2019;25/08/2019;186;;66;Bené/Henrique/Roberto;;Várzea;E3;1;CADEADO 184;;;;2017.2;1973.3;1733.3;0;7;15;32;0.125;1861.0
BJS-T1-C3-2600;RMP;Sim;Bom Jesus;Bom Jesus;3;B180521314;CENAP81;2600;30;07/07/2019;25/08/2019;331;;66;Bené/Henrique/Roberto;;Várzea;E3;1;CADEADO 712;;;;2879.6;1577.6;2599.8;0;0;15;30;0.125;2727.4
BJS-T1-C4-3800;RMP;Sim;Bom Jesus;Bom Jesus;4;B160712554;RCI40;3800;30;07/07/2019;25/08/2019;253;;66;Bené/Henrique/Roberto;;Várzea;E2;1;CADEADO 788;;;;3960.7;961.9;3770.6;0;0;10;28;0.125;3843.5
BJS-T1-C5-4800;RMP;Sim;Bom Jesus;Bom Jesus;5;B180845940;CENAP85;4800;30;07/07/2019;25/08/2019;381;;100;Bené/Henrique/Roberto;;Várzea;E3;1;CADEADO 320;;;;4948.7;969.1;4773.3;0;0;4;25;0.125;4840.8
BJS-T1-C6-6000;RMP;Sim;Bom Jesus;Bom Jesus;6;B171014765;CENAP65;6000;25;07/07/2019;25/08/2019;469;;66;Bené/Henrique/Roberto;;Várzea;E3;1;CADEADO 690;;;;6133.0;1103.1;5964.2;0;0;0;18;0.125;6030.7
BJS-T2-C1-750;RMP;Sim;Bom Jesus;Bom Jesus;1;B160315670;RCI08;750;30;08/07/2019;25/08/2019;447;;66;Bené/Henrique/Roberto;;Várzea;E2;2;CADEADO 381;;;;572.2;446.8;695.7;0;7;18;40;0.125;486.2
BJS-T2-C2-1300;RMP;Sim;Bom Jesus;Bom Jesus;2;B171015227;CENAP39;1300;30;08/07/2019;25/08/2019;378;;100;Bené/Henrique/Roberto;;Várzea;E3;2;AZUL 707;;;;1118.0;973.0;1273.8;0;4;18;40;0.125;1011.9
BJS-T2-C3-2200;RMP;Sim;Bom Jesus;Bom Jesus;3;B171014774;CENAP72;2200;;08/07/2019;25/08/2019;138;;100;Bené/Henrique/Roberto;;Várzea;E3;2;VERDE 362;;;;2006.6;1863.8;2116.3;0;4;15;40;0.125;1867.6
BJS-T2-C4-3600;RMP;Sim;Bom Jesus;Bom Jesus;4;B171015261;CENAP70;3600;25;08/07/2019;25/08/2019;206;;100;Bené/Henrique/Roberto;;Várzea;E3;2;DOURADO 857;;;;3551.4;1975.7;3523.3;0;0;15;28;0.125;3452.1
BJS-T2-C5-4700;RMP;Sim;Bom Jesus;Bom Jesus;5;B171014408;CENAP53;4700;25;08/07/2019;25/08/2019;153;;100;Bené/Henrique/Roberto;;Várzea;E3;2;AZUL 788;;;;4084.4;2428.5;4674.2;0;0;12;25;0.125;4055.3
BJS-T2-C6-5800;RMP;Sim;Bom Jesus;Bom Jesus;6;B171015079;CENAP92;5800;25;08/07/2019;25/08/2019;223;;100;Bené/Henrique/Roberto;;Várzea;E3;2;VERDE 752;;;;4759.6;1810.2;5753.3;0;0;0;18;0.125;4680.7
C1-T1-C1-1400;RRL;Sim;Santa Rita;Santa Rita_T1;1;B171015258;CENAP65;1400;40;12/10/2018;28/11/2018;66;100;66;RS/Cando/Antonio;;Mata primária;E3;T1;Dourado 445;;;;1617.2;659.6;1409.8;0;16;29;78;0.271;1872.2
C1-T1-C1-330;RCI;Sim;Providência;Providência_T1-2;1;B171014797;CENAP50;330;40;24/06/2018;18/08/2018;35;100;;RS, Dimá, Silvino;;MP;E3;T1;Verde - 712;Quebrada;12/07/2018;18/08/2018;5706.6;222.9;422.6;6;24;79;265;0.319;429.4
C1-T1-C2-2000;RRL;Sim;Santa Rita;Santa Rita_T1;2;B140604974;RCI12;2000;45;12/10/2018;28/11/2018;159;100;100;RS/Cando/Antonio;;Mata primária;HD preta;T1;Dourado 857;;;;2047.7;321.3;1990.2;0;15;29;70;0.271;2353.4
C1-T1-C2-830;RCI;Sim;Providência;Providência_T1-2;2;B160316521;RCI43;830;50;24/06/2018;18/08/2018;130;100;100;RS, Dimá, Silvino;;MP;E2;T1;457;;;;6220.8;435.9;938.1;0;17;71;260;0.319;944.9
C1-T1-C3-1500;RCI;Sim;Providência;Providência_T1-2;3;B171015119;CENAP39;1500;50;24/06/2018;18/08/2018;215;100;100;RS, Dimá, Silvino;;MP;E3;T1;Dourado - 376;;;;7008.5;557.4;1821.0;0;11;62;243;0.319;1830.6
C1-T1-C3-2950;RRL;Sim;Santa Rita;Santa Rita_T1;3;B160712539;RCI07;2950;50;12/10/2018;28/11/2018;237;100;0;RS/Cando/Antonio;;Mata primária;E2;T1;Amarelo 460;Camera alagou-se;;;2648.9;55.7;2889.9;0;0;26;59;0.271;3160.9
C1-T1-C4-2600;RCI;Sim;Providência;Providência_T1-2;4;B171015046;CENAP28;2600;50;25/06/2018;18/08/2018;146;100;100;RS, Dimá, Silvino;Abaixo de uma gameleira;MP;E3;T1;"Azul - 216; Am - 866";;;;7942.1;349.8;2759.3;0;1;45;216;0.319;2768.4
C1-T1-C4-4345;RRL;Sim;Santa Rita;Santa Rita_T1;4;B171015201;CENAP09;4340;50;12/10/2018;28/11/2018;184;100;100;RS/Cando/Antonio;;Mata primária;E3;T1;Dourado 819;;;;3755.8;736.4;4215.5;0;0;21;56;0.271;4012.9
C1-T1-C5-6000;RCI;Sim;Providência;Providência_T1-2;5;B171015088;CENAP36;6000;50;24/06/2018;18/08/2018;58;100;100;RS, Dimá, Silvino;;MP;E3;T1;Azul - 578;;;;11420.8;312.4;6094.9;0;6;14;171;0.319;6154.2
C1-T1-C5-6005;RRL;Sim;Santa Rita;Santa Rita_T1;5;B171014375;CENAP38;6000;60;12/10/2018;28/11/2018;450;100;100;RS/Cando/Antonio;;Mata primária;E3;T1;Azul 440;;;;5289.9;309.1;5960.0;0;0;0;47;0.271;5414.3
C1-T2-C1-1600;RRL;Sim;Santa Rita;Santa Rita_T2;1;B171015227;CENAP39;1600;40;13/10/2018;29/11/2018;798;100;66;RS/Cando/Antonio;;Mata primária;E3;T2;Amarelo 866;Camera desconfigurou 02/11/2018;;;3344.9;187.8;1640.0;0;12;32;61;0.271;1318.7
C1-T2-C1-600;RCI;Sim;Providência;Providência_T1-2;1;B171015027;CENAP57;600;40;25/06/2018;18/08/2018;583;100;66;RS, Dimá, Silvino;;MP;E3;T2;Branco - 719;;;;5516.1;68.3;719.7;0;29;78;240;0.319;731.1
C1-T2-C2-1200;RCI;Sim;Providência;Providência_T1-2;2;B160713841;RCI04;1200;40;25/06/2018;18/08/2018;76;100;100;RS, Dimá, Silvino;;MP;E2;T2;Verde - 149;;;;6345.1;521.0;1337.6;0;19;71;241;0.319;1349.0
C1-T2-C2-2240;RRL;Sim;Santa Rita;Santa Rita_T2;2;B171014783;CENAP75;2240;40;13/10/2018;29/11/2018;627;66;66;RS/Cando/Antonio;;Mata primária;E3;T2;Dourado 923;;;;3624.3;184.5;2237.1;0;8;31;60;0.271;1713.1
C1-T2-C3-2000;RCI;Sim;Providência;Providência_T1-2;3;B171014421;CENAP43;2000;50;25/06/2018;18/08/2018;96;100;100;RS, Dimá, Silvino;;MP;E3;T2;Vermelho - 402;;;;7190.7;153.0;2114.7;0;10;65;230;0.319;2125.2
C1-T2-C3-3140;RRL;Sim;Santa Rita;Santa Rita_T2;3;B160712554;RCI21;3140;35;13/10/2018;29/11/2018;358;66;66;RS/Cando/Antonio;;Mata primária;E2;T2;Amarelo 986;;;;3962.4;187.8;3150.9;0;0;29;59;0.271;2490.5
C1-T2-C4-3400;RCI;Sim;Providência;Providência_T1-2;4;B171014560;CENAP23;3400;50;25/06/2018;18/08/2018;100;100;100;RS, Dimá, Silvino;;MP;E3;T2;341;;;;8798.8;399.4;3548.3;1;1;35;213;0.319;3556.2
C1-T2-C4-4400;RRL;Sim;Santa Rita;Santa Rita_T2;4;B171015077;CENAP26;4400;40;13/10/2018;29/11/2018;329;66;66;RS/Cando/Antonio;;Mata primária;E3;T2;Dourado 861;;;;4398.3;184.1;4410.8;0;0;16;59;0.271;3808.9
C1-T2-C5-6500;RCI;Sim;Providência;Providência_T1-2;5;B171014269;CENAP47;6500;50;24/06/2018;18/08/2018;69;100;100;RS, Dimá, Silvino;;MP;E3;T2;"Am - 891; Verm - 688";;;;11931.1;239.4;6602.9;0;6;15;164;0.319;6664.5
C1-T3-C1-1370;RCI;Sim;Providência;Providência_T3;1;B160313836;RS06;1370;40;25/06/2018;19/08/2018;259;100;66;RS, Dimá, Silvino, V;;MP;HD;T3;Verde - 184;;;;4009.0;210.2;463.0;4;43;84;255;0.319;12.8
C1-T3-C2-2000;RCI;Sim;Providência;Providência_T3;2;B171015194;CENAP59;200;35;25/06/2018;19/08/2018;64;100;100;RS, Dimá, Silvino, V;;MP;E3;T3;Vermelho - 956;;;;3396.7;317.0;1098.6;2;45;86;247;0.319;8.3
C1-T3-C3-2450;RCI;Sim;Providência;Providência_T3;3;B171015126;CENAP42;2450;45;19/08/2018;14/09/2018;39;100;66;RS, Dimá;Pé de um açaí;MP;E3;T3;Azul - 381;;;;2984.4;566.6;1590.8;0;38;85;243;0.319;35.6
C1-T3-C4-4000;RCI;Sim;Providência;Providência_T3;4;B171015068;CENAP60;4000;50;25/06/2018;18/08/2018;154;100;100;RS, Dimá, Silvino, V;Abaixo de uma embiriba;MP;E3;T3;Amarelo - 086;;;;1445.9;864.9;3062.3;0;22;85;262;0.319;8.2
C1-T3-C5-6000;RCI;Sim;Providência;Providência_T3;5;B171015280;CENAP58;6000;40;19/08/2018;14/09/2018;85;100;100;RS, Dimá;Amarelo 412;MP;E3;T3;Amarelo - 412;;;;113.1;839.3;4832.7;0;7;59;249;0.319;103.9
C1-T4-C1-1500;RCI;Sim;Providência;Providência_T4;1;B171014261;CENAP51;1500;50;26/06/2018;18/08/2018;14;100;;RS, Dimá, Silvino;;MP;E3;T4;"Verm - 136; Verd - 1";Quebrada;28/06/2018;18/08/2018;5552.3;843.1;954.8;0;25;73;279;0.319;1282.3
C1-T4-C2-2250;RCI;Sim;Providência;Providência_T4;2;B171014591;CENAP41;2250;50;26/06/2018;18/08/2018;93;100;100;RS, Dimá, Silvino;;MP;E3;T4;Azul - 621;;;;6062.6;560.0;1820.0;0;19;61;282;0.319;2181.9
C1-T4-C3-3070;RCI;Sim;Providência;Providência_T4;3;B160316242;RCI11;3070;40;26/06/2018;18/08/2018;167;100;100;RS, Dimá, Silvino;;MP;E2;T4;Azul - 389;;;;7172.2;135.8;2649.6;0;4;48;261;0.319;3008.5
C1-T4-C4-4280;RCI;Sim;Providência;Providência_T4;4;B171014774;CENAP44;4300;50;26/06/2018;18/08/2018;58;100;100;RS, Dimá, Silvino;;MP;E3;T4;Verde - 282;;;;9420.0;241.8;4130.0;0;1;27;213;0.319;4384.3
C1-T4-C5-5700;RCI;Sim;Providência;Providência_T4;5;B171015043;CENAP48;5700;40;26/06/2018;18/08/2018;198;100;100;RS, Dimá, Silvino;;MP;E3;T4;Amarelo - 201;;;;10891.8;370.5;5582.7;0;0;25;176;0.319;5808.7
C2-T1-C1-1280;RCI;Sim;Lua Nova;Lua Nova_T1-3;1;B160712554;RCI16;1280;55;20/06/2018;14/08/2018;269;100;100;RS, Dimá, Alcione;Ramal p esquerda, próximo ig. Rast Paca Cutia;MP;E2;T1;Amarelo - 873;;;;8148.2;775.6;996.8;0;36;75;159;0.319;105.3
C2-T1-C1-1900;RRL;Sim;São João;São João_T1-3;1;B140618440;RCI35;1900;40;09/10/2018;27/11/2018;171;100;100;RS/Cando/Zé;;Mata primária;HD preta;T1;Azul 216;;;;11278.5;387.9;1927.5;0;10;33;70;0.271;1672.4
C2-T1-C2-2050;RCI;Sim;Lua Nova;Lua Nova_T1-3;2;B171015118;CENAP46;2050;35;20/06/2018;14/08/2018;258;100;100;RS, Dimá, Alcione;Ramal, entra pique esquerda e esquerda;MP/Fogo;E3;T1;Branco - 639;;;;7521.2;739.5;1805.4;0;24;74;159;0.319;95.6
C2-T1-C2-2500;RRL;Sim;São João;São João_T1-3;2;B171015205;CENAP17;2500;50;09/10/2018;27/11/2018;316;66;66;RS/Cando/Zé;;Mata primária;E3;T1;Dourado 681;;;;11654.0;253.2;2598.4;0;1;30;69;0.271;2247.4
C2-T1-C3-2950;RCI;Sim;Lua Nova;Lua Nova_T1-3;3;B171015241;CENAP49;2950;50;20/06/2018;14/08/2018;331;100;66;RS, Dimá, Alcione;Ramal, pique esquerda;MP;E3;T1;Azul - 902;;;;6771.1;793.0;2912.8;0;2;71;171;0.319;22.4
C2-T1-C3-3400;RRL;Sim;São João;São João_T1-3;3;B171014408;CENAP02;3400;50;09/10/2018;27/11/2018;468;100;66;RS/Cando/Zé;;Mata primária;E3;T1;Dourado 609;;;;12294.8;452.1;3506.4;0;0;25;66;0.271;3014.4
C2-T1-C4-4000;RCI;Sim;Lua Nova;Lua Nova_T1-3;4;B171015227;CENAP45;4000;45;20/06/2018;14/08/2018;396;100;100;RS, Dimá, Alcione;Ramal estrada, direita;MP;E3;T1;Vermelho - 215;;;;6080.6;1042.3;3753.5;0;1;66;167;0.319;19.0
C2-T1-C4-4300;RRL;Sim;São João;São João_T1-3;4;B171015280;CENAP58;4300;40;09/10/2018;27/11/2018;495;100;100;RS/Cando/Zé;;Mata primária;E3;T1;Dourado 171;;;;12790.0;844.7;4379.6;0;0;23;65;0.271;3879.1
C2-T1-C5-5800;RCI;Sim;Lua Nova;Lua Nova_T1-3;5;B171014408;CENAP52;5800;50;20/06/2018;14/08/2018;197;100;100;RS, Dimá, Alcione;Rama, p esquerda;MP;E3;T1;Verde - 595;;;;3642.5;622.5;5493.6;0;3;15;139;0.319;29.8
C2-T1-C5-5900;RRL;Sim;São João;São João_T1-3;5;B160713813;RCI31;5950;50;09/10/2018;27/11/2018;559;100;66;RS/Cando/Zé;;Mata primária;E2;T1;Verde 282;;;;13416.9;724.6;5976.3;0;0;0;60;0.271;5568.6
C2-T2-C1-2300;RRL;Sim;São João;São João_T2;1;B160313839;RS01;2300;40;10/10/2018;27/11/2018;234;100;100;RS/Cando/Zé;;Mata primária;HD;T2;Verde 149;;;;8193.7;387.3;2499.2;0;3;25;67;0.271;2189.1
C2-T2-C1-950;RCI;Sim;Lua Nova;Lua Nova_T2;1;B171015191;CENAP63;980;35;21/06/2018;15/08/2018;220;100;100;RS, Dimá, Diquinho;Pique diquinho p esquerda;MP;E3;T2;Br - 166, Verm. 268;;;;10006.4;1.3;704.2;1;38;74;149;0.319;465.4
C2-T2-C2-1500;RCI;Sim;Lua Nova;Lua Nova_T2;2;B17101545;CENAP66;1500;35;21/06/2018;15/08/2018;67;100;100;RS, Dimá, Diquinho;Pique esquerda;MP;E3;T2;Azul - 578;Palha na frente da câmera;;;10457.2;185.7;1209.7;0;37;73;145;0.319;972.7
C2-T2-C2-3000;RRL;Sim;São João;São João_T2;2;B160615333;RCI11;3000;50;10/10/2018;27/11/2018;1164;100;66;RS/Cando/Zé;;Mata primária;E2;T2;Verde 362;;;;8738.5;763.7;2974.5;0;1;21;66;0.271;2576.6
C2-T2-C3-2500;RCI;Sim;Lua Nova;Lua Nova_T2;3;B171014411;CENAP68;2500;50;21/06/2018;15/08/2018;642;100;100;RS, Dimá, Diquinho;Pique, dir, cumaru ferro frut., contra sol;MP;E3;T2;Verde - 918;;;;11309.2;186.5;2188.2;0;19;67;142;0.319;1963.4
C2-T2-C3-3700;RRL;Sim;São João;São João_T2;3;B171014263;CENAP66;3700;45;10/10/2018;27/11/2018;303;100;66;RS/Cando/Zé;;Mata primária;E3;T2;Dourado 881;Teia de aranha tapou a lente;29/10/2018;27/11/2018;9348.4;319.9;3558.3;0;0;18;66;0.271;3092.9
C2-T2-C4-4000;RCI;Sim;Lua Nova;Lua Nova_T2;4;B171015258;CENAP55;4000;50;21/06/2018;15/08/2018;55;100;100;RS, Dimá, Diquinho;Pique para esquerda;MP;E3;T2;Dourado - 788;;;;12255.2;11.9;3650.3;0;3;49;125;0.319;3490.5
C2-T2-C4-4750;RRL;Sim;São João;São João_T2;4;B171015245;CENAP19;4750;50;10/10/2018;27/11/2018;151;100;100;RS/Cando/Zé;;Mata primária;E3;T2;Dourado 698;;;;10287.1;579.8;4750.0;0;0;13;56;0.271;3701.3
C2-T2-C5-6000;RCI;Sim;Lua Nova;Lua Nova_T2;5;B160714075;RCI03;6000;50;21/06/2018;15/08/2018;243;100;100;RS, Dimá, Diquinho;Pique + 700m, prox igarape;MP;E2;T2;Amarelo - 460;;;;14127.2;621.0;5670.4;0;0;5;104;0.319;5478.8
C2-T2-C5-6005;RRL;Sim;São João;São João_T2;5;B171015060;CENAP52;6200;55;10/10/2018;27/11/2018;268;100;66;RS/Cando/Zé;;Mata primária;E3;T2;Amarelo 285;;;;11108.7;201.2;6000.0;0;0;1;50;0.271;5209.0
C2-T3-C1-1000;RCI;Sim;Lua Nova;Lua Nova_T1-3;1;B171015231;CENAP56;1000;35;22/06/2018;16/08/2018;284;100;100;RS, Dimá, Alcione;Cam. Atnio Esídio, p esquerda;MP;E3;T3;Amarelo - 778;;;;8316.3;53.6;551.9;1;42;74;152;0.319;23.7
C2-T3-C1-700;RRL;Sim;São João;São João_T1-3;1;B171015264;CENAP77;700;50;11/10/2018;26/11/2018;75;66;66;RS/Cando/Zé;;Mata primária;E3;T3;Dourado 381;;;;9714.7;424.3;1037.7;0;16;31;81;0.271;1020.2
C2-T3-C2-1300;RRL;Sim;São João;São João_T1-3;2;B171014798;CENAP36;1300;40;11/10/2018;26/11/2018;195;100;66;RS/Cando/Zé;;Mata primária;E3;T3;Verde 712;;;;9549.4;166.6;1650.3;0;15;31;80;0.271;1619.2
C2-T3-C2-1600;RCI;Sim;Lua Nova;Lua Nova_T1-3;2;B171014263;CENAP73;1600;35;22/06/2018;16/08/2018;251;100;100;RS, Dimá, Alcione;Cam. Atnio Egídio;MP;E3;T3;Verde - 874;;;;7756.9;388.7;1076.1;2;31;75;150;0.319;599.3
C2-T3-C3-2330;RRL;Sim;São João;São João_T1-3;3;B160316255;RCI43;2330;35;11/10/2018;26/11/2018;71;100;66;RS/Cando/Zé;;Mata primária;E2;T3;Dourado 372;;;;9664.7;81.2;2702.9;0;0;31;80;0.271;2642.3
C2-T3-C3-2500;RCI;Sim;Lua Nova;Lua Nova_T1-3;3;Sem Código;RCI39;2500;50;22/06/2018;16/08/2018;657;100;100;RS, Dimá, Alcione;Pique cabeçao, esquerda;MP;E2;T3;Verde - 959;;;;6900.9;173.0;1976.4;0;23;74;150;0.319;1334.7
C2-T3-C4-3800;RCI;Sim;Lua Nova;Lua Nova_T1-3;4;B171014375;CENAP54;3800;45;22/06/2018;16/08/2018;106;100;100;RS, Dimá, Alcione;Ramal estrla, p esquerda;MP;E3;T3;Amarelo - 164;;;;5432.6;368.5;3400.8;0;4;55;142;0.319;1659.5
C2-T3-C4-3850;RRL;Sim;São João;São João_T1-3;4;B160530747;RCI16;3800;50;11/10/2018;26/11/2018;156;100;66;RS/Cando/Zé;;Mata primária;E2;T3;457;;;;9629.1;725.7;4012.2;0;0;20;72;0.271;4097.1
C2-T3-C5-5100;RCI;Sim;Lua Nova;Lua Nova_T1-3;5;B171015024;CENAP64;5100;45;22/06/2018;16/08/2018;28;100;100;RS, Dimá, Alcione;Rama estrela, novo pique até um varadouro;MP;E3;T3;Verde - 057;Quebrada;30/06/2018;16/08/2018;4126.0;284.5;4726.5;0;5;27;134;0.319;1316.8
C2-T3-C5-6000;RRL;Sim;São João;São João_T1-3;5;B171015221;CENAP55;6000;50;11/10/2018;26/11/2018;195;100;66;RS/Cando/Zé;;Mata primária;E3;T3;Vermelho 215;;;;9589.4;566.3;6030.5;0;0;0;59;0.271;5905.8
C2-T4-C1-1050;RCI;Sim;Lua Nova;Lua Nova_T4;1;B160316440;RCI21;1050;45;23/06/2018;17/08/2018;305;100;100;RS, Dimá, Bal;Pique castanha, p direita, perto trilha;MP;E2;T4;Amarelo - 867;Desconfigurou 2018-08-03;;;10974.9;214.7;1274.7;0;42;84;178;0.319;1791.4
C2-T4-C2-1500;RCI;Sim;Lua Nova;Lua Nova_T4;2;B171015236;CENAP74;1500;50;23/06/2018;17/08/2018;67;100;100;RS, Dimá, Bal;Pique castanha Bal, caminho antigo;MP;E3;T4;Amarelo - 119;;;;11324.8;111.0;1601.3;0;41;81;178;0.319;2142.5
C2-T4-C3-2500;RCI;Sim;Lua Nova;Lua Nova_T4;3;B171015267;CENAP75;2500;50;23/06/2018;17/08/2018;256;100;100;RS, Dimá, Bal;Caminho/varadouro esquerda;MP;E3;T4;Azul - 707;;;;12297.9;25.1;2712.1;0;6;83;176;0.319;3101.9
C2-T4-C4-4000;RCI;Sim;Lua Nova;Lua Nova_T4;4;B171015131;CENAP67;4000;50;23/06/2018;17/08/2018;58;100;100;RS, Dimá, Bal;Varadouro p direita, perto imbiriba;MP;E3;T4;Amarelo - 486;;;;14045.1;71.7;4290.2;0;3;62;148;0.319;4567.2
C2-T4-C5-6320;RCI;Sim;Lua Nova;Lua Nova_T4;5;B171015261;CENAP79;6320;45;23/06/2018;17/08/2018;208;100;100;RS, Dimá, Bal;Perto da gamaleira do cajueiro;MP;E3;T4;Verde - 195;;;;16210.5;19.8;6610.4;0;0;11;126;0.319;6518.4
C3-T1-C1-1500;RRL;Sim;São José;São José;1;B160615332;RCI22;1500;40;06/10/2018;25/11/2018;395;100;100;RS/Cando/ZeFco;;Mata primária;E2;T1;Dourado 177;;;;14008.6;162.7;1485.9;0;16;38;69;0.271;1285.3
C3-T1-C1-830;RCI;Sim;Repouso;Repouso_T1;1;B171015077;CENAP34;830;45;16/06/2018;12/08/2018;564;100;66;RS, Dimá, Fifa;Ramal p esquerda;MP;E3;T1;Vermelho - 678;;;;9761.5;140.9;1179.2;1;7;24;79;0.319;233.7
C3-T1-C2-1240;RCI;Sim;Repouso;Repouso_T1;2;B171014771;CENAP29;1240;50;16/06/2018;12/08/2018;197;100;66;RS, Dimá, Fifa;Ramal p esquerda indo para baixo;MP;E3;T1;Azul - 440;;;;9135.8;530.9;1525.1;0;9;24;84;0.319;20.2
C3-T1-C2-2230;RRL;Sim;São José;São José;2;B171014756;CENAP50;2230;45;06/10/2018;25/11/2018;138;100;66;RS/Cando/ZeFco;;Mata primária;E3;T1;Dourado 498;;;;14373.3;661.5;2241.3;0;10;36;72;0.271;2039.6
C3-T1-C3-2400;RCI;Sim;Repouso;Repouso_T1;3;B160315366;RCI08;2400;50;16/06/2018;12/08/2018;517;100;100;RS, Dimá, Fifa;Ramal p esq, perto igarapé;MP;E2;T1;Amarelo - 916;;;;8073.6;461.1;2649.2;0;6;24;78;0.319;91.4
C3-T1-C3-3000;RRL;Sim;São José;São José;3;B1603153;RCI38;3000;55;06/10/2018;25/11/2018;483;100;100;RS/Cando/ZeFco;;Mata primária;E2;T1;Dourado 542;;;;14552.6;946.2;3052.2;0;0;31;65;0.271;2816.6
C3-T1-C4-3440;RCI;Sim;Repouso;Repouso_T1;4;B171015070;CENAP21;3400;35;17/06/2018;12/08/2018;135;100;;RS, Dimá, Fifa;Ramal p direita;MP;E3;T1;Verde - 184;Camera quebrada;06/08/2018;12/08/2018;7072.0;472.7;3576.1;0;2;23;76;0.319;40.2
C3-T1-C4-4000;RRL;Sim;São José;São José;4;B140604424;RCI14;4000;45;06/10/2018;25/11/2018;207;100;100;RS/Cando/ZeFco;;Mata primária;HD preta;T1;Dourado 542;;;;15014.5;408.7;4031.0;0;0;21;65;0.271;3792.3
C3-T1-C5-4700;RRL;Sim;São José;São José;5;B171014757;CENAP20;4700;50;06/10/2018;25/11/2018;2587;100;66;RS/Cando/ZeFco;;Mata primária;E3;T1;Dourado 262;;;;15122.3;248.6;4759.3;0;0;10;65;0.271;4497.4
C3-T1-C5-6050;RCI;Sim;Repouso;Repouso_T1;5;B171015079;CENAP33;6050;50;17/06/2018;12/08/2018;242;100;100;RS, Dimá, Fifa;Ramal, passa o pasto p direita, rast veado;MP;E3;T1;Dourado - 408;;;;4190.6;787.3;6348.5;0;0;8;77;0.319;29.6
C3-T2-C1-200;RCI;Sim;Repouso;Repouso_T2;1;B171014570;CENAP40;200;45;18/06/2018;13/08/2018;93;100;;RS, Dimá, Fifa;Pique ig. Maiada, p esquerda;MP;E3;T2;Azul - 127;Camera quebrou;13/07/2018;13/08/2018;11414.1;89.1;1203.4;0;6;22;63;0.319;1019.7
C3-T2-C1-450;RRL;Sim;São José;São José;1;B171014778;CENAP12;450;40;07/10/2018;23/11/2018;61;100;0;RS/Cando/ZeFco;;Mata primária;E3;T2;Dourado 131;Camera alagada - 16/11/2018;16/11/2018;23/11/2018;13229.9;346.4;474.9;9;18;39;72;0.271;491.9
C3-T2-C2-1220;RRL;Sim;São José;São José;2;B171014766;CENAP80;1220;45;07/10/2018;23/11/2018;147;100;66;RS/Cando/ZeFco;;Mata primária;E3;T2;Dourado 273, Verde 157;;;;13036.6;347.0;1248.0;0;17;39;72;0.271;1119.6
C3-T2-C2-550;RCI;Sim;Repouso;Repouso_T2;2;B171015060;CENAP35;550;50;18/06/2018;13/08/2018;211;100;100;RS, Dimá, Fifa;Pique ig. Maiada, p esquerda;MP;E3;T2;Verde - 089, Am. 938;;;;11894.7;192.0;1544.6;0;4;19;63;0.319;1478.6
C3-T2-C3-1300;RCI;Sim;Repouso;Repouso_T2;3;B160316549;RCI31;1300;45;18/06/2018;13/08/2018;154;100;100;RS, Dimá, Fifa;Terra alta;MP;E2;T2;Vermelho - 096;;;;12629.6;492.8;2136.8;0;2;16;63;0.319;2164.0
C3-T2-C3-2020;RRL;Sim;São José;São José;3;B160313848;RS04;2020;45;07/10/2018;23/11/2018;156;100;66;RS/Cando/ZeFco;;Mata primária;HD;T2;Verde 184;;;;12916.5;805.5;2045.0;0;15;36;72;0.271;1872.5
C3-T2-C4-3000;RCI;Sim;Repouso;Repouso_T2;4;B171014569;CENAP22;3000;45;18/06/2018;12/08/2018;910;100;100;RS, Dimá, Fifa;Pique aberto p direito;MP;E3;T2;Branco - 792;;;;14348.1;46.1;3747.0;0;0;7;48;0.319;3831.8
C3-T2-C4-3700;RRL;Sim;São José;São José;4;B171015263;CENAP13;3700;45;07/10/2018;23/11/2018;160;100;0;RS/Cando/ZeFco;;Mata primária;E3;T2;Vermelho 688;Camera alagou-se - 11/11/18;11/11/2018;23/11/2018;13497.3;14.8;3760.5;0;0;21;66;0.271;3493.7
C3-T2-C5-6000;RRL;Sim;São José;São José;5;B160315670;RCI40;6000;50;07/10/2018;23/11/2018;444;100;66;RS/Cando/ZeFco;;Mata primária;E2;T2;Dourado 758;;;;12332.3;139.8;6096.0;0;0;0;60;0.271;5911.8
C3-T3-C1-1450;RRL;Sim;São José;São José;1;B140618442;RCI25;1450;50;08/10/2018;24/11/2018;54;100;100;RS/Cando/ZeFco;;Mata primária;HD preta;T3;Amarelo 345;;;;12381.5;669.5;1477.1;0;15;36;72;0.271;1236.5
C3-T3-C2-2000;RRL;Sim;São José;São José;2;B160316253;RCI34;2000;45;08/10/2018;24/11/2018;254;100;100;RS/Cando/ZeFco;;Mata primária;E2;T3;Dourado 468;;;;11989.0;506.5;2027.5;0;20;36;74;0.271;1624.1
C3-T3-C3-3100;RRL;Sim;São José;São José;3;B171014765;CENAP11;3100;45;08/10/2018;24/11/2018;130;66;66;RS/Cando/ZeFco;;Mata primária;E3;T3;Vermelho 075;;;;11766.2;871.3;3131.0;0;0;33;75;0.271;2824.0
C3-T3-C4-4200;RRL;Sim;São José;São José;4;B171014883;CENAP04;4200;45;08/10/2018;24/11/2018;103;100;100;RS/Cando/ZeFco;;Mata primária;E3;T3;Verde 089;;;;11435.7;176.8;4200.0;0;0;32;68;0.271;3829.0
C3-T3-C5-6000;RRL;Sim;São José;São José;5;B171015210;CENAP59;6000;40;08/10/2018;24/11/2018;117;100;0;RS/Cando/ZeFco;;Mata primária;E3;T3;Amarelo 486;Camera alagou-se - 15/11/2018;15/11/2018;24/11/2018;11113.7;326.7;6000.0;0;0;0;61;0.271;5382.8
C4-T1-C1-1100;RCI;Sim;Apuí;Apuí_T1;1;B171014781;CENAP26;1100;35;14/06/2018;11/08/2018;195;100;100;RS, Dimá, Jorge;Pé muru-muru, varadouro direita;MP;E3;T1;Amarelo - 345;;;;8452.7;339.3;1172.9;0;10;17;49;0.319;2554.7
C4-T1-C2-1700;RCI;Sim;Apuí;Apuí_T1;2;B171015080;CENAP32;1700;45;14/06/2018;11/08/2018;120;100;100;RS, Dimá, Jorge;pique direita;MP;E3;T1;Vemelho - 369;Camera quebrada;26/06/2018;11/08/2018;8340.0;405.5;1708.1;0;4;16;49;0.319;3071.7
C4-T1-C2-2880;RRL;Sim;São Luiz;São Luiz_T1;2;B171014796;CENAP22;2880;40;03/10/2018;20/11/2018;125;100;100;RS/Cando/ZéFco;;Mata primária;E3;T1;Branco 639;;;;18050.4;242.0;3011.6;0;0;40;82;0.271;2635.6
C4-T1-C3-2550;RCI;Sim;Apuí;Apuí_T1;3;B160712493;RCI38;2500;45;14/06/2018;11/08/2018;435;100;66;RS, Dimá, Jorge;Próx. barreiro;MP;E2;T1;Branco 214;;;;8477.5;140.2;2538.4;0;0;14;45;0.319;3949.7
C4-T1-C3-3400;RRL;Sim;São Luiz;São Luiz_T1;3;B160316440;RCI08;3400;35;03/10/2018;20/11/2018;221;100;0;RS/Cando/ZéFco;;Mata primária;E2;T1;Dourado 017;Camera quebrou/desconfigurou 04/10/2018;03/11/2018;20/11/2018;17990.7;551.9;3520.4;0;0;26;81;0.271;3159.0
C4-T1-C4-3850;RCI;Sim;Apuí;Apuí_T1;4;B171014262;CENAP38;3850;40;14/06/2018;11/08/2018;238;100;100;RS, Dimá, Jorge;Pique centro jorge, direita;MP;E3;T1;Dourado - 891;;;;8535.0;148.2;3877.0;0;0;11;41;0.319;5300.7
C4-T1-C4-4150;RRL;Sim;São Luiz;São Luiz_T1;4;B171014753;CENAP24;4150;40;03/10/2018;20/11/2018;378;100;66;RS/Cando/ZéFco;;Mata primária;E3;T1;Azul 707;;;;18122.1;472.0;4285.0;0;0;25;81;0.271;3916.5
C4-T1-C5-5050;RRL;Sim;São Luiz;São Luiz_T1;5;B171015304;CENAP10;5050;50;03/10/2018;20/11/2018;331;100;66;RS/Cando/ZéFco;;Mata primária;E3;T1;Verde 341;;;;17764.5;136.6;5125.7;0;0;3;75;0.271;4707.3
C4-T1-C5-6000;RCI;Sim;Apuí;Apuí_T1;5;B171014267;CENAP37;6000;50;14/06/2018;11/08/2018;33;100;;RS, Dimá, Jorge;Final pique, prox. igarapé;MP;E3;T1;Verde - 752;Camera quebrada;03/07/2018;11/08/2018;8499.7;752.5;6004.6;0;0;0;33;0.319;7406.5
C4-T1-C6-5950;RRL;Sim;São Luiz;São Luiz_T1;6;B160316242;RCI03;5950;45;03/10/2018;20/11/2018;739;100;100;RS/Cando/ZéFco;;Mata primária;E2;T1;Dourado 295;;;;17578.9;310.7;5981.3;0;0;0;66;0.271;5496.8
C4-T2-C1-1600;RRL;Sim;São Luiz;São Luiz_T2;1;B171014773;CENAP51;1600;35;04/10/2018;22/11/2018;437;100;66;RS/Cando/Antonio;;Mata primária;E3;T2;Amarelo 201;;;;19489.8;1031.9;1578.1;0;26;46;89;0.271;1471.2
C4-T2-C1-1970;RCI;Sim;Apuí;Apuí_T2;1;B171015201;CENAP31;1970;45;15/06/2018;10/08/2018;358;100;100;RS, Dimá;beirando campo, ponte caída perto, após igar;MP;E3;T2;Amarelo - 188;;;;7106.5;16.7;1976.7;0;6;30;54;0.319;715.0
C4-T2-C2-2300;RRL;Sim;São Luiz;São Luiz_T2;2;B110500885;RCI27;2300;40;04/10/2018;22/11/2018;180;100;100;RS/Cando/Antonio;;Mata primária;HD preta;T2;Dourado 693;;;;19658.9;861.8;2374.2;0;12;43;89;0.271;2265.9
C4-T2-C2-3100;RCI;Sim;Apuí;Apuí_T2;2;B171015285;CENAP30;3100;35;15/06/2018;10/08/2018;580;100;100;RS, Dimá;Ramal são josé, direita;MP;E3;T2;Azul - 788;;;;5984.3;722.0;3165.0;0;0;25;53;0.319;1246.5
C4-T2-C3-3250;RRL;Sim;São Luiz;São Luiz_T2;3;B160713841;RCI41;3250;50;04/10/2018;22/11/2018;315;100;66;RS/Cando/Antonio;;Mata primária;E2;T2;Amarelo 916;;;;20042.6;618.2;3264.7;0;0;36;80;0.271;3141.9
C4-T2-C3-3950;RCI;Sim;Apuí;Apuí_T2;3;B171014577;CENAP24;3950;45;15/06/2018;10/08/2018;393;100;100;RS, Dimá;Ramal josé, esquerda;MP;E3;T2;Branco - 597;;;;5273.9;777.8;3995.2;0;0;16;54;0.319;1529.4
C4-T2-C4-4150;RRL;Sim;São Luiz;São Luiz_T2;4;B171015289;CENAP57;4150;40;04/10/2018;22/11/2018;1107;66;66;RS/Cando/Antonio;;Mata primária;E3;T2;Dourado 484;;;;20386.0;331.8;4203.4;0;0;27;80;0.271;4070.2
C4-T2-C4-4950;RCI;Sim;Apuí;Apuí_T2;4;B160313853;RS05;4950;35;15/06/2018;10/08/2018;396;100;66;RS, Dimá;Ramal josé, esquerda;MP;HD;T2;Vermelho - 075;;;;4590.1;726.3;4991.9;0;0;4;54;0.319;1835.5
C4-T2-C5-5150;RRL;Sim;São Luiz;São Luiz_T2;5;B160714075;RCI39;5150;50;04/10/2018;22/11/2018;621;100;100;RS/Cando/Antonio;;Mata primária;E2;T2;Amarelo 891;;;;21475.2;740.0;5171.4;0;0;8;78;0.271;4830.9
C4-T2-C5-6040;RCI;Sim;Apuí;Apuí_T2;5;B171015116;CENAP25;6040;50;15/06/2018;10/08/2018;3877;100;;RS, Dimá;Rama JS, picada esquerda + 1000 metros;MP;E3;T2;Verde - 362;Camera quebrada;29/06/2018;10/08/2018;3614.1;954.6;6094.4;0;0;0;55;0.319;2808.8
C4-T2-C6-6150;RRL;Sim;São Luiz;São Luiz_T2;6;B171015220;CENAP27;6150;45;04/10/2018;22/11/2018;591;100;66;RS/Cando/Antonio;;Mata primária;E3;T2;Azul 389;;;;21885.8;93.0;6184.5;0;0;0;66;0.271;5823.4
C4-T3-C1-950;RRL;Sim;São Luiz;São Luiz_T3;1;B140604390;RCI15;950;35;05/10/2018;21/11/2018;162;100;100;RS/Cando/ZéFco;;Mata primária;HD preta;T3;Amarelo 086, Dourado 674;;;;16962.4;811.1;1023.9;0;18;46;86;0.271;1667.2
C4-T3-C2-1530;RRL;Sim;São Luiz;São Luiz_T3;2;B160316521;CENAP48;1530;35;05/10/2018;21/11/2018;264;100;66;RS/Cando/ZéFco;;Mata primária;E3;T3;Amarelo 699;;;;16690.7;793.3;1647.5;0;14;40;86;0.271;2204.0
C4-T3-C3-2350;RRL;Sim;São Luiz;São Luiz_T3;3;B171014381;CENAP78;2350;40;05/10/2018;21/11/2018;117;100;66;RS/Cando/ZéFco;;Mata primária;E3;T3;Dourado 203;;;;16530.0;302.7;2459.4;0;3;37;81;0.271;2929.0
C4-T3-C4-3740;RRL;Sim;São Luiz;São Luiz_T3;4;B171015260;CENAP67;3740;40;05/10/2018;21/11/2018;869;100;66;RS/Cando/ZéFco;;Mata primária;E3;T3;Branco 597;Data desconfigurada 2018-10-17;;;16082.3;137.1;3871.4;0;0;18;80;0.271;4123.9
C4-T3-C5-4700;RRL;Sim;São Luiz;São Luiz_T3;5;B171015073;CENAP44;4700;40;05/10/2018;21/11/2018;174;100;100;RS/Cando/ZéFco;;Mata primária;E3;T3;Vermelho 096;;;;15734.8;1.5;4819.3;0;0;6;74;0.271;4965.0
C4-T3-C6-6000;RRL;Sim;São Luiz;São Luiz_T3;6;Sem patrimônio;RCI45;6000;50;05/10/2018;21/11/2018;559;100;66;RS/Cando/ZéFco;;Mata primária;E2;T3;Dourado 673;;;;15184.4;109.8;6190.0;0;0;0;63;0.271;6095.8
CAP-T1-C1-1000;RMP;Sim;Capacini;Capacini;1;B180520642;CENAP93;1000;35;02/07/2019;22/08/2019;414;;66;Henrique/Bené;;TF;E3;1;DOURADO 979;;;;1665.1;467.2;888.2;0;11;14;48;0.125;882.4
CAP-T1-C3-2500;RMP;Sim;Capacini;Capacini;3;B171014263;CENAP37;2500;40;02/07/2019;22/08/2019;171;;100;Henrique/Bené;;TF;E3;1;AMARELO 285;;;;3046.6;354.7;2319.1;0;7;11;38;0.125;2315.1
CAP-T1-C4-3750;RMP;Sim;Capacini;Capacini;4;B160316521;RCI27;3750;;02/07/2019;22/08/2019;324;;66;Henrique/Bené;;TF;E2;1;VERMELHO 479;Camera foi mechida;;;4161.3;780.7;3461.1;0;0;11;32;0.125;3457.6
CAP-T1-C5-5000;RMP;Sim;Capacini;Capacini;5;B180843684;CENAP16;5000;40;02/07/2019;22/08/2019;333;;100;Henrique/Bené;;TF;E3;1;681;;;;5485.1;2114.8;4805.6;0;0;7;26;0.125;4802.5
CAP-T1-C6-6000;RMP;Sim;Capacini;Capacini;6;B171015289;CENAP33;6000;50;02/07/2019;22/08/2019;450;;66;Henrique/Bené;;TF;E3;1;DOURADO 064;;;;6390.5;2140.6;5727.2;0;0;0;24;0.125;5724.5
CAP-T2-C1-620_1;RMP;Sim;Capacini;Capacini;1;B180521306;CENAP91;1075;25;03/07/2019;22/08/2019;165;;100;Henrique/Bené/Alberto;;TF;E3;2;AMARELO 891;;;;1768.2;134.3;1216.3;0;11;12;46;0.125;1208.2
CAP-T2-C2-500_2;RMP;Sim;Capacini;Capacini;2;B160713827;RCI14;1500;46;03/07/2019;22/08/2019;407;;66;Henrique/Bené/Alberto;;TF;E2;2;VERMELHO;;;;2245.8;612.4;1528.5;0;11;12;46;0.125;1521.4
CAP-T2-C3-600_2;RMP;Sim;Capacini;Capacini;3;B171014883;CENAP12;1500;30;03/07/2019;22/08/2019;750;;66;Henrique/Bené/Alberto;;TF;E3;2;CADEADO 361;;;;1867.2;1071.4;1213.4;0;11;14;45;0.125;1211.9
CAP-T2-C4-4510;RMP;Sim;Capacini;Capacini;4;B171014776;CENAP25;1900;45;03/07/2019;22/08/2019;318;;100;Henrique/Bené/Alberto;;TF;E3;2;CADEADO 484;;;;1939.7;1249.7;1471.8;0;11;14;41;0.125;1473.5
CAP-T3-C1-300;RMP;Sim;Capacini;Capacini;1;B171014381;CENAP79;300;25;03/07/2019;22/08/2019;132;;66;RS/Ademilson/Jarson;;TF;E3;3;BRANCO 214;;;;826.4;537.3;727.3;4;11;16;72;0.125;401.2
CAP-T3-C2-1000;RMP;Sim;Capacini;Capacini;2;B171015304;CENAP45;1000;35;03/07/2019;22/08/2019;447;;66;RS/Ademilson/Jarson;;TF;E3;3;AMARELO 699;;;;1069.9;689.0;1362.0;0;11;14;70;0.125;1078.7
CAP-T3-C3-1700;RMP;Sim;Capacini;Capacini;3;B160712493;RCI09;1700;45;03/07/2019;22/08/2019;329;;66;RS/Ademilson/Jarson;;TF;E2;3;VERDE 195;;;;1269.2;634.5;2061.8;0;11;14;70;0.125;1782.0
CAP-T3-C4-2000;RMP;Sim;Capacini;Capacini;4;B171015267;CENAP68;2000;45;03/07/2019;22/08/2019;195;;100;RS/Ademilson/Jarson;;TF;E3;3;DOURADO 818;;;;1922.5;56.5;2319.8;0;11;12;58;0.125;2163.2
CAP-T3-C5-3500;RMP;Sim;Capacini;Capacini;5;B171015285;CENAP26;3500;40;03/07/2019;22/08/2019;348;;66;RS/Ademilson/Jarson;;TF;E3;3;DOURADO 146;;;;2244.5;222.4;3824.8;0;0;12;73;0.125;3606.9
CAP-T3-C6-4600;RMP;Sim;Capacini;Capacini;6;B171015236;CENAP22;4600;45;03/07/2019;22/08/2019;672;;66;RS/Ademilson/Jarson;;TF;E3;3;BRANCO 719;;;;3154.4;364.9;4923.0;0;0;11;47;0.125;4754.3
CAZ-T1-C1-250;RCI;Não;Cazumbá;Cazumbá;1;B171015264;CENAP77;250;35;30/05/2018;27/07/2018;258;100;100;RS, Dimá;;MP;E3;T1;;;;;5938.1;211.2;297.3;41;53;87;248;0.319;222.0
CAZ-T1-C2-680;RCI;Não;Cazumbá;Cazumbá;2;B160614241;RCI50;680;20;30/05/2018;27/07/2018;408;100;100;RS, Dimá;;MP-Tab;E2;T1;;;;;5765.2;286.3;854.5;2;57;89;248;0.319;589.6
CAZ-T1-C3-1320;RCI;Não;Cazumbá;Cazumbá;3;B1711014776;CENAP06;1320;40;30/05/2018;27/07/2018;240;100;100;RS, Dimá;Próximo a um igarapé, vareda de catitu;MP-Tab;E3;T1;;;;;5646.4;492.1;1559.1;0;57;92;247;0.319;1124.1
CAZ-T2-C1-450;RCI;Não;Cazumbá;Cazumbá;1;B160316607;RCI26;784;40;31/05/2018;27/07/2018;732;100;100;RS, Dimá;;MP;E2;T2;;;;;6284.2;1.7;456.4;14;51;89;250;0.319;203.1
CAZ-T2-C2-2000;RCI;Não;Cazumbá;Cazumbá;2;B171015033;CENAP69;2000;45;31/05/2018;27/07/2018;480;100;100;RS, Dimá;Próximo do igarapé, sentido baixando;MP;E3;T2;;;;;6515.7;214.7;1713.5;0;46;76;234;0.319;1198.2
CAZ-T2-C3-2700;RCI;Não;Cazumbá;Cazumbá;3;B171015262;CENAP78;2700;45;31/05/2018;27/07/2018;129;100;100;RS, Dimá;Próximo estrada, esquerda, castanheira;MP;E3;T2;;;;;6597.9;710.6;2461.7;0;14;70;218;0.319;1771.5
CAZ-T2-C4-4060;RCI;Não;Cazumbá;Cazumbá;4;B160313839;RS04;4060;45;31/05/2018;27/07/2018;192;100;100;RS, Dimá;pega trilha para direita;MP;HD;T2;;;;;7194.6;282.7;3835.4;0;1;55;210;0.319;2628.7
CAZ-T2-C5-6500;RCI;Não;Cazumbá;Cazumbá;5;B171014817;CENAP15;6500;35;31/05/2018;27/07/2018;630;100;66;RS, Dimá;pique, para direita;MP;E3;T2;;;;;8077.4;605.0;6370.2;0;0;4;173;0.319;2568.0
CAZ-T3-C1-1500;RCI;Não;Cazumbá;Cazumbá;1;B160530750;RCI19;1500;50;01/06/2018;28/07/2018;567;100;100;RS, Dimá;Pique do 1km monitoramento, pé castanhei;MP;E2;T3;;;;;5681.5;268.5;1150.3;0;47;94;253;0.319;1012.7
CAZ-T3-C2-2100;RCI;Não;Cazumbá;Cazumbá;2;B171015025;CENAP70;2100;50;01/06/2018;28/07/2018;87;100;100;RS, Dimá;estrada para direita, ramal para direita;MP;E3;T3;;;;;5218.0;552.2;1717.3;0;44;96;254;0.319;1606.0
CAZ-T3-C3-3050;RCI;Não;Cazumbá;Cazumbá;3;B160712347;RCI44;3050;45;01/06/2018;28/07/2018;165;100;100;RS, Dimá;estrada para esquerda, 20 metros, tucuma;MP;E2;T3;;;;;5000.4;462.2;2692.7;1;2;83;234;0.319;2532.4
CAZ-T3-C4-4700;RCI;Não;Cazumbá;Cazumbá;4;B171015205;CENAP17;4700;35;01/06/2018;28/07/2018;;100;;RS, Dimá;;MP-Tab;E3;T3;;;;;4088.2;584.5;4363.3;0;3;79;244;0.319;4202.8
CUI-T1-C1-500;RCI;Não;Cuidado;Cuidado_T1;1;B171014766;CENAP02;500;25;03/06/2018;04/08/2018;480;100;66;RS, Dimá, Jucá;Travessão/carreador;MP;E3;T1;;;;;9326.1;170.1;501.3;3;27;53;133;0.319;93.8
CUI-T1-C2-950;RCI;Não;Cuidado;Cuidado_T1;2;B171014800;CENAP13;950;45;03/06/2018;04/08/2018;135;100;;RS, Dimá, Jucá;Carreador, pega trilha, rastro veado, por;MP;E3;T1;;Camera quebrou. Esta câmera foi configurada errada;22/06/2018;04/08/2018;9670.2;114.3;963.1;0;26;49;135;0.319;513.5
CUI-T1-C3-1500;RCI;Não;Cuidado;Cuidado_T1;3;B160615333;RCI34;1500;30;03/06/2018;04/08/2018;1104;100;66;RS, Dimá, Jucá;Próximo igarapé;MP-Tab;E2;T1;;;;;10114.5;614.0;1516.6;0;18;46;133;0.319;1086.9
CUI-T1-C4-2670;RCI;Não;Cuidado;Cuidado_T1;4;B171014798;CENAP14;2670;50;03/06/2018;04/08/2018;1391;100;66;RS, Dimá, Jucá;Próximo igarapé, rastro catitu;MP;E3;T1;;;;;10520.8;353.7;2335.2;0;6;44;138;0.319;544.1
CUI-T1-C5-4100;RCI;Não;Cuidado;Cuidado_T1;5;B171014757;CENAP04;4100;50;03/06/2018;04/08/2018;264;100;100;RS, Dimá, Jucá;Perto de uma vareda;MP;E3;T1;;Camera desconfigurou na instalac, parou 06-07-2018;06/07/2018;04/08/2018;11069.8;258.3;3787.3;0;0;34;134;0.319;378.9
CUI-T2-C1-900;RCI;Não;Cuidado;Cuidado_T2;1;B160712529;RCI42;900;30;04/06/2018;05/08/2018;1152;100;66;RS, Dimá, NegoMadá;Próximo a um iagarapé pequeno;MP-Tab;E2;T2;;;;;10064.3;34.0;723.9;0;31;47;137;0.319;3.9
CUI-T2-C1.2-2700;RCI;Não;Cuidado;Cuidado_T2;12;B171015304;CENAP80;2700;50;04/06/2018;05/08/2018;18;100;100;RS, Dimá, NegoMadá;Varadouro onça para direita;MP;E3;T2;;Cartão bloqueado;04/06/2018;05/08/2018;11909.8;114.3;1546.1;0;18;42;122;0.319;1441.1
CUI-T2-C2-3500;RCI;Não;Cuidado;Cuidado_T2;2;B17101524;CENAP53;3500;40;04/06/2018;05/08/2018;450;100;66;RS, Dimá, NegoMadá;Varador palestina, pega esquerda, prx iga;MP;E3;T2;;Esta camera foi mudada de lugar;03/08/2018;05/08/2018;12725.8;297.3;2555.2;1;5;37;85;0.319;2462.7
CUI-T2-C3-4600;RCI;Não;Cuidado;Cuidado_T2;3;B160615332;RCI41;4600;45;04/06/2018;05/08/2018;594;100;100;RS, Dimá, NegoMadá;Prox. igara, varadouro palestina;MP;E2;T2;;;;;13776.9;502.2;3619.4;0;1;32;76;0.319;2521.3
CUI-T2-C4-6500;RCI;Não;Cuidado;Cuidado_T2;4;B171014778;CENAP08;6500;50;04/06/2018;05/08/2018;633;100;100;RS, Dimá, NegoMadá;Var. palestina, para esquerda;MP;E3;T2;;;;;14031.3;887.6;5415.3;0;0;2;64;0.319;2852.2
CUI-T2-C6-7000;RCI;Não;Cuidado;Cuidado_T2;5;B171015210;CENAP20;7000;40;04/06/2018;05/08/2018;816;100;100;RS, Dimá, NegoMadá;Ramal Palestina para direita;MP;E3;T2;;;;;13857.0;576.4;5927.7;0;0;2;63;0.319;2965.7
CUI-T3-C1-1460;RCI;Não;Cuidado;Cuidado_T3;1;B160713813;RCI22;1460;35;05/06/2018;06/08/2018;351;100;100;RS, Dimá, NegoMadá;Muita madeira retirada, prox capo e igara;MP;E2;T3;;;;;9064.9;347.1;1217.4;0;32;48;134;0.319;1085.9
CUI-T3-C2-2070;RCI;Não;Cuidado;Cuidado_T3;2;B171015245;CENAP16;2070;50;05/06/2018;06/08/2018;711;100;66;RS, Dimá, NegoMadá;Var. São José p direita, prox ig e castan;MP;E3;T3;;;;;8138.5;925.8;1806.3;0;20;51;144;0.319;1366.8
CUI-T3-C3-3300;RCI;Não;Cuidado;Cuidado_T3;3;B171014753;CENAP05;3300;50;05/06/2018;06/08/2018;291;100;100;RS, Dimá, NegoMadá;V. São José, após pasto p direita;MP;E3;T3;;;;;7588.8;348.3;3084.1;1;2;48;108;0.319;2607.3
CUI-T3-C4-4100;RCI;Não;Cuidado;Cuidado_T3;4;B171015187;CENAP18;4100;45;05/06/2018;06/08/2018;1173;100;100;RS, Dimá, NegoMadá;Prox. igar que alaga no inv., pique velho;MP;E3;T3;;;;;7478.3;154.9;3853.6;0;2;45;108;0.319;3113.8
CUI-T3-C5-5670;RCI;Não;Cuidado;Cuidado_T3;5;B171014883;CENAP11;5670;50;05/06/2018;06/08/2018;232;100;;RS, Dimá, NegoMadá;Prox. igarapé esperaí;MP;E3;T3;;;;;7809.8;49.8;5453.4;0;2;15;99;0.319;3607.9
GRA-T1-C1-1300;RCI;Não;Granja;Granja_T1;1;B171015260;CENAP76;1300;25;07/06/2018;07/08/2018;2496;100;66;RS, Dimá, Zenilton;Varação, pega direita perto do pique;Tab;E3;T1;;Camera com hipersensibilidade;;;6747.3;595.1;1326.0;0;9;33;86;0.319;1215.7
GRA-T1-C2-1800;RCI;Não;Granja;Granja_T1;2;B160530747;RCI48;1800;50;07/06/2018;07/08/2018;906;100;100;RS, Dimá, Zenilton;Varação pega direita;MP;E2;T1;;;;;6521.6;308.3;1845.6;0;7;32;86;0.319;1733.3
GRA-T1-C3-2800;RCI;Não;Granja;Granja_T1;3;B171014765;CENAP01;2800;50;07/06/2018;07/08/2018;1347;100;66;RS, Dimá, Zenilton;Prox. iga, pique esquerda, barreiro perto;MP;E3;T1;;;;;6284.9;226.0;2823.0;0;0;29;82;0.319;2695.1
GRA-T1-C4-4100;RCI;Não;Granja;Granja_T1;4;B171015263;CENAP62;4100;50;07/06/2018;07/08/2018;498;100;100;RS, Dimá, Zenilton;Pique pega a esquerda;MP;E3;T1;;;;;5853.2;127.5;4180.7;0;0;18;72;0.319;4071.9
GRA-T1-C5-6000;RCI;Não;Granja;Granja_T1;5;B171015197;CENAP19;6000;50;07/06/2018;07/08/2018;1125;100;100;RS, Dimá, Zenilton;Pique pega esquerda;MP;E3;T1;;;;;6243.4;323.6;6039.9;0;0;1;62;0.319;5876.6
GRA-T2-C1-2060;RCI;Não;Granja;Granja_T2;1;B171015289;CENAP61;2060;30;08/06/2018;08/08/2018;1835;100;66;RS, Dimá, Zeca;Varadouro, direita;MP-Tab;E3;T2;;;;;8593.4;326.0;1196.4;0;11;29;82;0.319;1435.7
GRA-T2-C2-3600;RCI;Não;Granja;Granja_T2;2;B171014773;CENAP09;3600;45;08/06/2018;08/08/2018;843;100;100;RS, Dimá, Zeca;Perto do igarapé/Beira;MP;E3;T2;;;;;9816.8;598.8;2817.4;0;0;23;81;0.319;3062.1
GRA-T2-C3-4500;RCI;Não;Granja;Granja_T2;3;B160316253;RCI45;4500;50;08/06/2018;07/08/2018;1095;100;66;RS, Dimá, Zeca;Vareda Anta, Varadouro p/ direita;MP;E2;T2;;;;;8994.4;35.2;3625.1;0;0;16;77;0.319;3895.4
GRA-T2-C4-6000;RCI;Não;Granja;Granja_T2;4;B171015220;CENAP72;6000;50;08/06/2018;08/08/2018;1483;100;66;RS, Dimá, Zeca;pé gameleira, rastro Ant,paca,veado,maracaj;MP;E3;T2;;;;;8002.7;36.6;4909.0;0;0;3;64;0.319;5192.6
GRA-T2-C5-1300;RCI;Não;Granja;Granja_T2;5;B171014796;CENAP12;1300;25;08/06/2018;08/08/2018;1005;100;100;RS, Dimá, Zeca;beira pasto, perto de um sino, vareda paca;MP-Tab;E3;T2;;;;;7784.2;360.0;327.0;1;11;34;84;0.319;545.9
GRA-T2-C6-5600;RCI;Não;Granja;Granja_T2;6;B171014775;CENAP07;5600;55;08/06/2018;08/08/2018;373;100;100;RS, Dimá, Zeca;Rast Anta,veado,paca,cutia, pique esquerda;MP;E3;T2;;;;;8230.8;86.6;4584.6;0;0;5;67;0.319;4868.0
GRA-T3-C1-2100;RCI;Não;Granja;Granja_T2;1;B171014381;CENAP71;2100;35;09/06/2018;08/08/2018;198;100;100;RS, Dimá, Zeca;Ras veado, pé castanharana, pique 3 pega di;MP-Tab;E3;T3;;;;;7950.2;653.0;973.2;0;10;31;81;0.319;1254.4
GRA-T3-C2-980;RCI;Não;Granja;Granja_T2;2;B171015073;CENAP65;980;40;09/06/2018;08/08/2018;588;100;100;RS, Dimá, Zeca;Varzea em frente à casa do zeca;MP-Var;E3;T3;;;;;7376.1;82.6;242.4;1;12;32;85;0.319;77.3
GRA-T3-C3-3100;RCI;Não;Granja;Granja_T2;3;B160316255;RCI49;3100;35;09/06/2018;08/08/2018;604;100;100;RS, Dimá, Zeca;Pique pega esquerda;MP-Tab;E2;T3;;;;;8103.0;319.7;1911.0;0;4;29;74;0.319;2175.8
GRA-T3-C4-4100;RCI;Não;Granja;Granja_T2;4;B171014756;CENAP03;4100;50;09/06/2018;08/08/2018;393;100;100;RS, Dimá, Zeca;Baixo, igarapé. rast anta+filhote, rama dir;MP;E3;T3;;;;;8720.7;427.1;2976.5;0;0;24;67;0.319;3244.2
GRA-T3-C5-4330;RCI;Não;Granja;Granja_T2;5;B171014768;CENAP10;4330;50;09/06/2018;08/08/2018;286;100;;RS, Dimá, Zeca;Restinga alta, pé castanhara;MP;E3;T3;;Camera quebrada;10/07/2018;08/08/2018;8938.6;622.4;3155.1;0;0;24;65;0.319;3426.5
IND-T1-C1-500;RMP;Não;Independência;Independência;1;B180845694;CENAP10;500;40;01/07/2019;23/08/2019;108;;100;Rs/Henrique/Bené/Alberto;;Várzea;E3;1;Azul 381;;;;413.9;246.8;443.3;1;19;41;80;0.125;134.0
IND-T1-C2-1000;RMP;Não;Independência;Independência;2;B180845732;CENAP18;1000;40;01/07/2019;23/08/2019;108;;100;Rs/Henrique/Bené/Alberto;;Várzea;E3;1;Vermelho 215;;;;230.6;875.3;988.0;0;11;38;80;0.125;799.1
IND-T1-C3-1800;RMP;Não;Independência;Independência;3;B160712347;RCI18;1800;40;01/07/2019;23/08/2019;2916;;66;Rs/Henrique/Bené/Alberto;;Várzea;E2;1;Verde 457;;;;388.8;1144.5;1759.9;0;1;33;80;0.125;1610.5
IND-T1-C4-3250;RMP;Não;Independência;Independência;4;B180845710;CENAP47;3250;30;01/07/2019;23/08/2019;180;;100;Rs/Henrique/Bené/Alberto;;Várzea;E3;1;Verde 157;;;;2163.3;364.4;3305.4;0;0;19;87;0.125;3201.2
IND-T1-C5-4300;RMP;Não;Independência;Independência;5;B180845678;CENAP77;4300;35;01/07/2019;23/08/2019;354;;100;Rs/Henrique/Bené/Alberto;;Várzea;E3;1;Amarelo 951;;;;3007.3;1336.5;4329.1;0;0;9;84;0.125;4216.8
IND-T1-C6-5900;RMP;Não;Independência;Independência;6;B171014560;CENAP03;5900;30;01/07/2019;23/08/2019;282;;100;Rs/Henrique/Bené/Alberto;;Várzea;E3;1;Amarelo 359;;;;3361.9;1179.0;5928.2;0;0;0;75;0.125;5827.5
IUT-T1-C1-480;RMP;Sim;Iutari;Iutari;1;B171015231;CENAP57;480;25;02/07/2019;23/08/2019;124;;100;RS-Aberto-Ribama;;Várzea;E3;1;Azul 621;;;;356.5;955.7;486.6;3;3;20;110;0.125;779.3
IUT-T1-C2-1000;RMP;Sim;Iutari;Iutari;2;B160530748;RCI47;1000;35;02/07/2019;23/08/2019;138;;66;RS-Aberto-Ribama;;Várzea;E2;1;Amarelo 826;;;;838.4;1494.5;1024.0;0;3;20;110;0.125;1315.4
IUT-T1-C3-1750;RMP;Sim;Iutari;Iutari;3;B180520670;CENAP27;1750;35;02/07/2019;23/08/2019;197;;100;RS-Aberto-Ribama;;Várzea;E3;1;Dourado 101;;;;1494.4;1243.1;1770.5;0;3;17;96;0.125;2061.4
IUT-T1-C4-2800;RMP;Sim;Iutari;Iutari;4;B171015027;CENAP82;2800;35;02/07/2019;23/08/2019;385;;66;RS-Aberto-Ribama;;TF;E3;1;Verde 089;;;;2377.0;799.9;2740.7;0;0;13;85;0.125;3029.9
IUT-T1-C5-3300;RMP;Sim;Iutari;Iutari;5;B160316440;RCI10;3300;40;02/07/2019;23/08/2019;354;;66;RS-Aberto-Ribama;;TF;E2;1;Branco 166;CAMERA DESCONFIGUROU;;;3239.4;1774.9;3363.6;0;0;14;61;0.125;3603.0
IUT-T1-C6-4000;RMP;Sim;Iutari;Iutari;6;B180521285;CENAP32;4000;55;02/07/2019;23/08/2019;561;;66;RS-Aberto-Ribama;;TF;E3;1;Dourado 763;;;;3794.2;980.9;4083.8;0;0;14;57;0.125;3637.7
IUT-T1-C7-4700;RMP;Sim;Iutari;Iutari;7;B171015194;CENAP48;4700;25;02/07/2019;23/08/2019;181;;55;RS-Aberto-Ribama;;TF - parece um pula-pula;E3;1;Amarelo 119;;;;3913.2;446.3;4702.0;0;0;14;38;0.125;3756.7
IUT-T1-C8-5300;RMP;Sim;Iutari;Iutari;8;B180520679;CENAP78;5300;30;02/07/2019;23/08/2019;404;;100;RS-Aberto-Ribama;;TF, pula pula fim do pique;E3;1;Branco 639;;;;4548.5;784.3;5298.7;0;0;9;36;0.125;4373.2
LAG-T1-C1-800;REA;Sim;Lago do Alfredo;Lago do Alfredo;1;B171014773;CENAP02;800;25;25/04/2019;11/06/2019;270;100;100;RS/Raimundo/Loro;;Páleo várzea;E3;1;Dourado 360;;;;1386.7;283.8;733.8;0;5;26;184;0.205;1068.5
LAG-T1-C2-1380;REA;Sim;Lago do Alfredo;Lago do Alfredo;2;B171014577;CENAP12;1380;25;25/04/2019;11/06/2019;163;100;100;RS/Raimundo/Loro;;Páleo varzea-Tab;E3;1;Amarelo 086;;;;813.8;32.3;1320.1;0;5;21;183;0.205;1663.0
LAG-T1-C3-2400;REA;Sim;Lago do Alfredo;Lago do Alfredo;3;B171015261;CENAP71;2400;50;25/04/2019;11/06/2019;280;100;100;RS/Raimundo/Loro;;Terra firme, pé castanheira, sensor forte;E3;1;Verde 712;;;;270.7;262.2;2393.2;0;3;13;175;0.205;2712.2
LAG-T1-C4-3550;REA;Sim;Lago do Alfredo;Lago do Alfredo;4;B160316607;RCI47;3550;40;25/04/2019;11/06/2019;96;100;100;RS/Raimundo/Loro;;Terra firme-Tab;E2;1;Dourado 819;;;;269.1;261.9;3607.3;0;2;8;169;0.205;3833.0
LAG-T1-C5-5000;REA;Sim;Lago do Alfredo;Lago do Alfredo;5;B180846014;CENAP30;5000;35;25/04/2019;11/06/2019;324;100;100;RS/Raimundo/Loro;;Páleo várzea;E3;1;Dourado 220;;;;1342.2;4.1;5106.0;0;2;3;105;0.205;5314.7
LAG-T1-C6-6070;REA;Sim;Lago do Alfredo;Lago do Alfredo;6;B180846002;CENAP56;6070;40;25/04/2019;11/06/2019;96;100;100;RS/Raimundo/Loro;;Páleo várzea;E3;1;Amarelo 636;;;;1811.4;147.0;6166.3;0;1;3;75;0.205;6402.4
LIM-T1-C1-1800;RMP;Não;Limeira;Limeira;1;B160614241;RCI03;1800;35;12/07/2019;30/08/2019;151;;100;RS/Alberto/Manoel;;TF;E3;1;Amarelo 778;;;;3770.4;495.8;1879.6;0;20;41;95;0.125;2015.5
LIM-T1-C2-2400;RMP;Não;Limeira;Limeira;2;B171014781;CENAP29;2400;40;12/07/2019;30/08/2019;978;;66;RS/Alberto/Manoel;;TF;E3;1;AMARELO 412;;;;3700.9;588.3;2433.3;0;18;41;91;0.125;2568.4
LIM-T1-C3-3100;RMP;Não;Limeira;Limeira;3;B160615333;RCI49;3100;40;12/07/2019;30/08/2019;496;;66;RS/Alberto/Manoel;;TF;E2;1;DOURADO 609;;;;3982.8;442.2;3165.0;0;0;40;91;0.125;3296.1
LIM-T1-C4-3600;RMP;Não;Limeira;Limeira;4;B171014569;RS05;3600;30;12/07/2019;30/08/2019;433;;100;RS/Alberto/Manoel;;TF;E3;1;VERDE 184;;;;4329.1;741.0;3714.8;0;0;40;91;0.125;3842.5
LIM-T1-C5-4200;RMP;Não;Limeira;Limeira;5;B160615349;RCI13;4200;35;12/07/2019;30/08/2019;600;;100;RS/Alberto/Manoel;;TF;E2;1;DOURADO 295;;;;4367.5;1144.3;4213.5;0;0;40;90;0.125;4306.9
LIM-T1-C6-4900;RMP;Não;Limeira;Limeira;6;B171014591;CENAP15;4900;45;12/07/2019;30/08/2019;335;;66;RS/Alberto/Manoel;;TF;E3;1;AMARELO 534;;;;3821.4;1825.5;4927.1;0;0;38;85;0.125;4706.1
LIM-T1-C7-5700;RMP;Não;Limeira;Limeira;7;B160530747;RCI29;5700;40;12/07/2019;30/08/2019;492;;66;RS/Alberto/Manoel;;TF;E2;1;DOURADO 372;;;;3433.2;1550.5;5749.6;0;0;6;68;0.125;5114.5
LIM-T2-C1-1000;RMP;Não;Limeira;Limeira;1;B171014577;CENAP23;1000;20;12/07/2019;30/08/2019;90;;66;Henrique/Bené/Azeite;;TF;E3;2;CADEADO 086;;;;4652.0;268.2;1138.8;0;20;44;95;0.125;1246.2
LIM-T2-C2-1500;RMP;Não;Limeira;Limeira;2;B171015118;CENAP24;1500;20;12/07/2019;30/08/2019;105;;66;Henrique/Bené/Azeite;;TF;E3;2;CADEADO 262;;;;5134.8;744.5;1584.5;0;20;44;95;0.125;1662.9
LIM-T2-C3-2000;RMP;Não;Limeira;Limeira;3;B171014262;CENAP71;2000;25;12/07/2019;30/08/2019;183;;100;Henrique/Bené/Azeite;;TF;E3;2;CADEADO 096;;;;5503.0;849.1;2135.6;0;20;44;95;0.125;2205.5
LIM-T2-C4-2600;RMP;Não;Limeira;Limeira;4;B160530750;RCI12;2600;25;12/07/2019;30/08/2019;330;;100;Henrique/Bené/Azeite;;TF;E3;2;CADEADO 916;;;;5057.9;608.8;2761.0;0;1;25;90;0.125;2834.6
LIM-T2-C5-3300;RMP;Não;Limeira;Limeira;5;B160712539;RCI26;3300;30;12/07/2019;30/08/2019;252;;66;Henrique/Bené/Azeite;;TF;E2;2;DOURADO 328;;;;4462.4;242.7;3356.4;0;1;23;90;0.125;3432.3
LIM-T2-C6-4100;RMP;Não;Limeira;Limeira;6;B160316254;RCI31;4100;30;12/07/2019;30/08/2019;154;;100;Henrique/Bené/Azeite;;TF;E2;2;DOURADO 693;;;;3519.2;280.2;4252.3;0;0;23;78;0.125;4338.7
LIM-T2-C7-5000;RMP;Não;Limeira;Limeira;7;B171015280;CENAP54;5000;30;12/07/2019;30/08/2019;153;;100;Henrique/Bené/Azeite;;TF;E3;2;DOURADO 351;;;;2704.8;1049.7;5059.6;0;0;5;67;0.125;5149.4
LIM-T2-C8-6000;RMP;Não;Limeira;Limeira;8;B160316728;CENAP35;6000;30;12/07/2019;30/08/2019;196;;66;Henrique/Bené/Azeite;;TF;E2;2;CADEADO 678;;;;1714.9;158.6;6049.7;0;0;0;56;0.125;6139.5
LIM-T1-C1-770;RRL;Não;Limão;Limão;1;B171014774;CENAP14;770;40;27/09/2018;15/11/2018;51;100;100;RS/Cando/Castelo;;Mata primária;E3;T1;Dourado 720;;;;419.5;399.6;782.2;0;29;80;161;0.271;222.6
LIM-T1-C10-5800;RRL;Não;Limão;Limão;10;B171014269;CENAP63;5800;45;27/09/2018;15/11/2018;192;100;100;RS/Cando/Castelo;;Mata primária;E3;T1;Dourado 788, branco 719;;;;3628.7;42.1;5868.7;0;0;49;134;0.271;3308.0
LIM-T1-C2-1300;RRL;Não;Limão;Limão;2;B160316549;RCI04;1300;40;27/09/2018;15/11/2018;101;100;100;RS/Cando/Castelo;;Mata primária;E2;T1;Dourado 818;;;;730.1;143.0;1270.4;0;27;82;161;0.271;567.6
LIM-T1-C3-1800;RRL;Não;Limão;Limão;3;B160613853;RS09;1800;40;27/09/2018;15/11/2018;333;66;66;RS/Cando/Castelo;;Mata primária;HD;T1;Dourado 577;;;;1287.4;374.8;1842.5;0;15;80;159;0.271;1140.5
LIM-T1-C4-2400;RRL;Não;Limão;Limão;4;B171014569;CENAP18;2400;50;27/09/2018;15/11/2018;148;100;66;RS/Cando/Castelo;;Mata primária;E3;T1;Verde 874;;;;1838.9;601.1;2422.2;0;10;71;157;0.271;1713.0
LIM-T1-C5-2800;RRL;Não;Limão;Limão;5;B171014411;CENAP61;2800;45;27/09/2018;15/11/2018;96;100;100;RS/Cando/Castelo;;Mata primária;E3;T1;Dourado 107;;;;2051.0;791.1;2813.2;0;5;73;151;0.271;2043.1
LIM-T1-C6-3380;RRL;Não;Limão;Limão;6;B160315614;RCI18;3380;40;27/09/2018;15/11/2018;583;100;100;RS/Cando/Castelo;;Mata primária;E2;T1;Amarelo 857;;;;2227.1;130.8;3401.7;0;2;67;150;0.271;2236.4
LIM-T1-C7-3930;RRL;Não;Limão;Limão;7;B160530748;RCI10;3930;45;27/09/2018;15/11/2018;180;100;100;RS/Cando/Castelo;;Mata primária;E2;T1;Vermelho 268;;;;2586.6;473.2;3962.5;0;2;60;151;0.271;2381.8
LIM-T1-C8-4550;RRL;Não;Limão;Limão;8;B171015241;CENAP48;4550;40;27/09/2018;15/11/2018;155;66;66;RS/Cando/Castelo;;Mata primária;E3;T1;Verde 689;;;;2630.6;342.8;4580.5;0;0;60;144;0.271;2361.4
LIM-T1-C9-5170;RRL;Não;Limão;Limão;9;B171015118;CENAP63;5170;45;27/09/2018;15/11/2018;973;100;66;RS/Cando/Castelo;;Mata primária;E3;T1;Dourado 310;Esta câmera foi retirada em 17/10;17/10/2018;15/11/2018;3143.1;621.6;5205.6;0;0;51;142;0.271;2871.8
MAL-T1-C1-600;RMP;Não;Maloca;Maloca;1;B171015046;CENAP80;600;30;09/07/2019;28/08/2019;192;;100;Rs/Henrique/Bene/Alberto/Lula;;TF;E3;1;DOURADO 177;;;;8804.0;928.2;588.2;0;5;32;38;0.125;638.7
MAL-T1-C2-1100;RMP;Não;Maloca;Maloca;2;SEM NUMERO;RCI34;1100;;09/07/2019;28/08/2019;221;;0;Rs/Henrique/Bene/Alberto/Lula;;TF;E2;1;VERDE 874;;;;8627.8;410.2;1104.6;0;5;32;36;0.125;1156.8
MAL-T1-C3-1900;RMP;Não;Maloca;Maloca;3;B171015077;CENAP20;1900;45;09/07/2019;28/08/2019;301;;66;Rs/Henrique/Bene/Alberto/Lula;;TF;E3;1;DOURADO 758;;;;7762.1;543.3;1907.5;0;5;32;36;0.125;1971.5
MAL-T1-C4-3000;RMP;Não;Maloca;Maloca;4;B171014771;CENAP28;3000;40;09/07/2019;28/08/2019;266;;66;Rs/Henrique/Bene/Alberto/Lula;;TF;E3;1;AMARELO 938;;;;6538.2;653.7;2975.3;0;0;19;36;0.125;3049.3
MAL-T1-C5-3800;RMP;Não;Maloca;Maloca;5;B171015210;CENAP34;3800;25;09/07/2019;28/08/2019;303;;66;Rs/Henrique/Bene/Alberto/Lula;;TF - IGAPÓ;E3;1;DOURADO 236;;;;5724.2;28.7;3779.5;0;0;5;36;0.125;3855.8
MAL-T2-C1-3300;RMP;Não;Maloca;Maloca;1;B171015205;CENAP51;3300;30;10/07/2019;28/08/2019;64;;66;Rs/Henrique/Bene/Alberto/Lula;;TF;E3;2;DOURADO 720;;;;9930.8;204.7;3338.9;0;0;6;33;0.125;3329.4
MAL-T2-C2-3200;RMP;Não;Maloca;Maloca;2;B171014798;CENAP41;3200;40;10/07/2019;28/08/2019;250;;100;Rs/Henrique/Bene/Alberto/Lula;;TF;E3;2;VERDE 341;;;;9073.7;652.0;3266.9;0;0;6;33;0.125;3277.6
MAL-T2-C3-3700;RMP;Não;Maloca;Maloca;3;B171015088;CENAP90;3700;35;10/07/2019;28/08/2019;258;;0;Rs/Henrique/Bene/Alberto/Lula;;TF;E3;2;DOURADO 468;;;;8338.7;940.6;3703.8;0;0;6;33;0.125;3729.1
MAL-T2-C4-4500;RMP;Não;Maloca;Maloca;4;B171015262;CENAP94;4500;45;10/07/2019;28/08/2019;557;;66;Rs/Henrique/Bene/Alberto/Lula;;TF;E3;2;CADEADO 792;;;;7563.1;381.7;4540.0;0;0;6;33;0.125;4575.3
MAL-T2-C5-5000;RMP;Não;Maloca;Maloca;5;B180520736;CENAP11;5000;40;10/07/2019;28/08/2019;166;;66;Rs/Henrique/Bene/Alberto/Lula;;TF;E3;2;VERMELHO 369;;;;7482.3;631.6;5078.9;0;0;1;33;0.125;5113.5
MAL-T2-C6-5500;RMP;Não;Maloca;Maloca;6;B160713841;RCI 23;5500;40;10/07/2019;28/08/2019;257;;66;Rs/Henrique/Bene/Alberto/Lula;;TF;E2;2;VERDE 959;;;;6962.8;185.2;5555.5;0;0;0;33;0.125;5595.5
MAL-T2-C7-6200;RMP;Não;Maloca;Maloca;7;B180520718;CENAP88;6200;45;10/07/2019;28/08/2019;535;;100;Rs/Henrique/Bene/Alberto/Lula;;TF;E3;2;AMARELO 201;;;;6938.4;140.1;6245.5;0;0;0;18;0.125;6284.4
MAN-T1-C1-680;REA;Não;Manitiã;Manitiã;1;B180521290;CENAP81;680;40;18/04/2019;09/06/2019;114;100;100;RS/Chico;;Terra firme;E3;1;Vermelho 268;;;;8133.8;242.9;728.2;0;9;24;82;0.205;232.7
MAN-T1-C2-1450;REA;Não;Manitiã;Manitiã;2;B171014375;CENAP26;1450;40;18/04/2019;09/06/2019;312;100;100;RS/Chico;;Terra firme;E3;1;Branco 639;;;;7961.1;50.9;1504.8;0;8;24;71;0.205;1189.0
MAN-T1-C3-2150;REA;Não;Manitiã;Manitiã;3;B171014591;CENAP07;2150;50;18/04/2019;09/06/2019;183;100;100;RS/Chico;;Terra firme;E3;1;Dourado 171;;;;7991.0;576.7;2175.7;0;7;22;67;0.205;1998.4
MAN-T1-C4-3550;REA;Não;Manitiã;Manitiã;4;B160530747;RCI19;3550;50;18/04/2019;09/06/2019;144;100;100;RS/Chico;;Terra firme;E2;1;Azul 216;;;;7192.8;314.2;3583.2;0;0;15;57;0.205;3437.0
MAN-T1-C5-6000;REA;Não;Manitiã;Manitiã;5;B171014771;CENAP10;6000;50;18/04/2019;09/06/2019;313;100;100;RS/Chico;;Terra firme;E3;1;Dourado 693;;;;5845.4;572.0;6046.4;0;0;0;47;0.205;5876.4
MAN-T2-C1-1700;REA;Não;Manitiã;Manitiã;1;B160712539;RCI32;1700;35;19/04/2019;09/06/2019;207;100;100;RS/França;;Terra firme;E2;2;Cadeado 479;;;;7130.7;435.1;1739.5;0;12;18;80;0.205;654.6
MAN-T2-C2-2500;REA;Não;Manitiã;Manitiã;2;B180520642;CENAP53;2500;40;19/04/2019;09/06/2019;3860;100;33;RS/França;;Terra firme;E3;2;Dourado 101;Câmera disparada;30/04/2019;09/06/2019;6229.8;564.5;2583.4;0;1;20;74;0.205;1647.8
MAN-T2-C3-3300;REA;Não;Manitiã;Manitiã;3;B171015236;CENAP79;3300;40;19/04/2019;09/06/2019;132;100;100;RS/França;;Terra firme;E3;2;Amarelo 412;;;;5485.2;625.8;3360.3;0;1;20;66;0.205;2153.4
MAN-T2-C4-3900;REA;Não;Manitiã;Manitiã;4;B171015267;CENAP64;3900;40;19/04/2019;09/06/2019;78;100;100;RS/França;;Terra firme;E3;2;Amarelo 986;;;;4914.8;476.3;3540.5;0;1;19;63;0.205;2376.3
MAN-T2-C5-4600;REA;Não;Manitiã;Manitiã;5;B171015264;CENAP16;4600;55;19/04/2019;09/06/2019;237;100;100;RS/França;;Terra firme;E3;2;Dourado 203;;;;5070.2;125.6;4560.4;0;0;10;47;0.205;3960.9
MAP-T1-C1-1100;RRL;Não;Mapes;Mapes;1;B171015197;CENAP62;1100;40;01/10/2018;18/11/2018;53;100;100;RS/Cando;;Mata Primária;E3;T1;Dourado 283;;;;213.1;378.2;1242.7;0;85;126;243;0.271;41.6
MAP-T1-C3-2560;RRL;Não;Mapes;Mapes;3;B160313840;RS03;2560;30;01/10/2018;18/11/2018;221;100;0;RS/Cando;;Mata Primária;HD;T1;Dourado 255;;;;1767.4;794.2;2690.0;0;41;124;227;0.271;1193.0
MAP-T1-C4-3950;RRL;Não;Mapes;Mapes;4;B160712529;RCI49;3950;40;01/10/2018;18/11/2018;192;100;0;RS/Cando;;Mata Primária;E2;T1;Amarelo 778;Candô subiu esta camera, pois estava ala;;;3088.1;80.6;4100.3;0;12;112;211;0.271;1870.4
MAP-T1-C5-6050;RRL;Não;Mapes;Mapes;5;B171015187;CENAP28;6060;40;01/10/2018;18/11/2018;130;100;100;RS/Cando;;Mata Primária;E3;T1;Dourado 226;;;;2380.7;73.7;6207.3;0;1;32;187;0.271;3181.4
MAP-T2-C1-2500;RRL;Não;Mapes;Mapes;1;B110500878;RCI09;2500;45;14/10/2018;30/11/2018;294;100;100;RS/Cando/Maguinho;;Mata Primária;HD preta;T2;Dourado 064;;;;736.2;566.2;2607.4;0;51;109;224;0.271;481.0
MAP-T2-C2-3000;RRL;Não;Mapes;Mapes;2;B171014781;CENAP25;3000;45;14/10/2018;30/11/2018;96;66;66;RS/Cando/Maguinho;;Mata Primária;E3;T2;Dourado 361;;;;1260.0;38.2;3091.5;0;23;110;220;0.271;1002.0
MAP-T2-C3-4000;RRL;Não;Mapes;Mapes;3;B171015045;CENAP64;4000;45;14/10/2018;30/11/2018;57;100;100;RS/Cando/Maguinho;;Mata Primária;E3;T2;Azul 578;;;;2138.6;22.2;4120.7;0;4;106;210;0.271;1977.7
MAP-T2-C4-4950;RRL;Não;Mapes;Mapes;4;B171015033;CENAP69;4950;50;14/10/2018;30/11/2018;199;100;66;RS/Cando/Maguinho;;Mata Primária;E3;T2;Amarelo 119;;;;3023.5;866.7;5068.9;0;0;76;199;0.271;2910.7
MAP-T2-C5-6200;RRL;Não;Mapes;Mapes;5;B171014577;CENAP45;6200;50;14/10/2018;30/11/2018;104;66;66;RS/Cando/Maguinho;;Mata Primária;E3;T2;Dourado 220;;;;2966.2;685.2;6200.0;0;0;42;196;0.271;3758.1
MAR-T1-C1-1000;REA;Não;Maracaju;Maracaju;1;B160714075;RCI46;1000;40;22/04/2019;10/06/2019;196;100;100;RS/Raimundo/Izaque;;Terra firme;E2;1;Dourado 372;;;;3971.4;1055.9;3370.2;0;3;50;98;0.205;2770.1
MAR-T1-C2-1600;REA;Não;Maracaju;Maracaju;2;B171015262;CENAP67;1600;50;22/04/2019;10/06/2019;138;100;100;RS/Raimundo/Izaque;;Terra firme;E3;1;Vermelho 678;;;;3516.4;733.5;3873.4;0;1;45;98;0.205;3243.2
MAR-T1-C3-2500;REA;Não;Maracaju;Maracaju;3;B171015227;CENAP25;2500;40;22/04/2019;10/06/2019;90;100;100;RS/Raimundo/Izaque;;Terra firme;E3;1;Amarelo 873;;;;3282.2;309.6;4773.7;0;0;28;98;0.205;4100.4
MAR-T1-C4-3900;REA;Não;Maracaju;Maracaju;4;B1800520639;CENAP86;3900;50;22/04/2019;10/06/2019;275;100;100;RS/Raimundo/Izaque;;Terra firme;E3;1;Dourado 262;;;;3341.0;287.5;6203.3;0;0;1;95;0.205;5499.4
MAR-T1-C5-5000;REA;Não;Maracaju;Maracaju;5;B171015197;CENAP33;5000;60;22/04/2019;10/06/2019;68;100;100;RS/Raimundo/Izaque;;Terra firme;E3;1;Dourado 674;;;;3103.3;228.1;7244.1;0;0;0;89;0.205;6487.9
MAR-T1-C6-5400;REA;Não;Maracaju;Maracaju;6;B171015131;CENAP66;5400;40;22/04/2019;10/06/2019;196;100;100;RS/Raimundo/Izaque;;Terra firme;E3;1;Dourado 376;Não liga mais;;;2832.2;52.9;7403.8;0;0;0;87;0.205;6614.3
MOI-T1-C1-475;REA;Não;Moisés;Moisés;1;B171015205;CENAP76;475;30;23/04/2019;10/06/2019;213;100;100;RS/Raimundo/Josué;;Terra firme;E3;1;Dourado 488;;;;2044.3;390.6;491.8;2;29;50;114;0.205;384.9
MOI-T1-C2-1300;REA;Não;Moisés;Moisés;2;B171015079;CENAP19;1300;55;23/04/2019;10/06/2019;177;100;100;RS/Raimundo/Josué;;Terra firme;E3;1;Dourado 283;;;;2598.4;392.3;1383.7;0;14;53;105;0.205;1169.6
MOI-T1-C3-2300;REA;Não;Moisés;Moisés;3;B160316728;RCI35;3200;50;23/04/2019;10/06/2019;63;100;100;RS/Raimundo/Josué;;Terra firme;E2;1;Dourado 361;;;;1877.3;363.9;2380.2;0;12;50;87;0.205;2157.5
MOI-T1-C4-3500;REA;Não;Moisés;Moisés;4;B160315670;RCI29;3500;45;23/04/2019;10/06/2019;111;100;100;RS/Raimundo/Josué;;Terra firme;E2;1;Azul 389;;;;994.5;1017.4;3575.7;0;0;44;85;0.205;3341.8
MOI-T1-C5-4600;REA;Não;Moisés;Moisés;5;B171015210;CENAP11;4600;60;23/04/2019;10/06/2019;210;100;100;RS/Raimundo/Josué;;Terra firme;E3;1;Verde 195;;;;345.5;503.5;4705.2;0;0;18;86;0.205;4190.3
MOI-T1-C6-5700;REA;Não;Moisés;Moisés;6;B171014560;CENAP50;5700;40;23/04/2019;10/06/2019;344;100;100;RS/Raimundo/Josué;;Terra firme;E3;1;Dourado 131;não liga mais;;;362.2;372.9;5828.0;0;0;0;79;0.205;5322.6
MOR-T1-C1-800;RRL;Não;Morro da Pedra;Morro da Pedra;1;B171014262;CENAP43;800;40;28/09/2018;16/11/2018;117;66;66;RS/Cando/Gilvan;;Mata primária;E3;T1;Azul 381;;;;493.4;84.7;872.3;0;28;58;248;0.271;487.2
MOR-T1-C2-1300;RRL;Não;Morro da Pedra;Morro da Pedra;2;B171015068;CENAP54;1300;45;28/09/2018;16/11/2018;480;100;100;RS/Cando/Gilvan;;Mata primária;E3;T1;Amarelo 164;;;;976.0;143.5;1343.2;0;26;58;247;0.271;972.7
MOR-T1-C3-2250;RRL;Não;Morro da Pedra;Morro da Pedra;3;B160712347;RCI44;2250;45;28/09/2018;16/11/2018;204;100;66;RS/Cando/Gilvan;;Mata primária;E2;T1;Vermelho 369;;;;1876.4;134.2;2268.4;0;12;69;234;0.271;1896.2
MOR-T1-C4-3070;RRL;Não;Morro da Pedra;Morro da Pedra;4;B171015046;CENAP40;3070;40;28/09/2018;16/11/2018;87;100;100;RS/Cando/Gilvan;;Mata primária;E3;T1;Verde 752;;;;2624.6;116.8;3107.8;0;0;65;227;0.271;2608.5
MOR-T2-C1-700;RRL;Não;Morro da Pedra;Morro da Pedra;1;B171015285;CENAP60;700;40;29/09/2018;16/11/2018;114;100;66;RS/Cando/Gilvan;;Mata primária;E3;T2;Amarelo 826;;;;433.4;537.6;766.5;0;26;58;250;0.271;209.0
MOR-T2-C2-1400;RRL;Não;Morro da Pedra;Morro da Pedra;2;B171014560;CENAP41;1400;40;29/09/2018;16/11/2018;69;100;66;RS/Cando/Gilvan;;Mata primária;E3;T2;Verde 195;;;;1160.6;74.6;1488.0;0;24;60;244;0.271;906.2
MOR-T2-C3-2200;RRL;Não;Morro da Pedra;Morro da Pedra;3;B171014771;CENAP79;2300;35;29/09/2018;16/11/2018;157;100;66;RS/Cando/Gilvan;;Mata primária;E3;T2;Dourado 482;;;;1893.6;497.0;2212.0;0;17;53;240;0.271;1663.2
MOR-T3-C1-4000;RRL;Não;Morro da Pedra;Morro da Pedra;1;B171015079;CENAP16;4000;45;29/09/2018;16/11/2018;136;100;100;RS/Cando/Gilvan;;Mata primária;E3;T3;Verde 184;;;;3660.0;34.5;4123.4;0;9;39;217;0.271;3289.2
MOR-T3-C2-5340;RRL;Não;Morro da Pedra;Morro da Pedra;2;B160615349;RCI30;5340;45;29/09/2018;16/11/2018;383;100;100;RS/Cando/Gilvan;;Mata primária;E2;T3;Dourado 376;;;;5037.0;366.8;5450.8;0;0;19;172;0.271;4693.2
MOR-T3-C3-6000;RRL;Não;Morro da Pedra;Morro da Pedra;3;B171015191;CENAP07;6000;40;29/09/2018;16/11/2018;263;100;100;RS/Cando/Gilvan;;Mata primária;E3;T3;Verde 595;;;;4456.6;13.9;6117.9;0;0;17;157;0.271;5350.6
NVA-T1-C1-500;REA;Não;Nova Amélia;Nova Amélia_T1;1;B171015304;CENAP04;500;30;11/04/2019;05/06/2019;93;100;100;RS/Chico/Dora;;Páleo Várzea;E3;1;Amarelo 778;;;;8171.2;76.7;719.4;0;3;15;43;0.205;1015.1
NVA-T1-C2-1100;REA;Não;Nova Amélia;Nova Amélia_T1;2;B160315614;RCI14;1100;40;11/04/2019;05/06/2019;525;100;100;RS/Chico/Dora;;Páleo Várzea;E3;1;Azul 707;;;;7873.7;152.2;1337.1;0;3;12;43;0.205;1601.3
NVA-T1-C3-2000;REA;Não;Nova Amélia;Nova Amélia_T1;3;B171015073;CENAP27;2000;45;11/04/2019;05/06/2019;169;100;100;RS/Chico/Dora;;Terra firme;E3;1;Verde 057;;;;7568.8;238.7;2190.9;0;1;9;43;0.205;2432.7
NVA-T1-C4-3250;REA;Não;Nova Amélia;Nova Amélia_T1;4;B171014796;CENAP74;3250;30;11/04/2019;05/06/2019;158;100;100;RS/Chico/Dora;;Páleo várzea;E3;1;Verde 752;;;;7248.0;205.0;3463.6;0;0;4;42;0.205;3678.9
NVA-T1-C5-5500;REA;Não;Nova Amélia;Nova Amélia_T1;5;B171014381;CENAP20;5500;50;11/04/2019;05/06/2019;378;100;100;RS/Chico/Dora;;Terra firme;E3;1;Dourado 163;;;;7275.7;349.8;5645.8;0;0;0;29;0.205;5859.9
NVA-T2-C1-490;REA;Não;Nova Amélia;Nova Amélia_T2;1;B171015285;CENAP47;490;50;11/04/2019;05/06/2019;81;100;100;RS/Chico/Luca/Geremias;;Terra firme;E3;2;Dourado 359;;;;2628.5;462.3;497.3;1;5;19;49;0.205;817.4
NVA-T2-C2-1250;REA;Não;Nova Amélia;Nova Amélia_T2;2;B171014408;CENAP60;1250;60;11/04/2019;05/06/2019;102;100;100;RS/Chico/Luca/Geremias;;Terra firme;E3;2;Azul 381;;;;2524.3;47.2;1263.0;0;1;14;43;0.205;1499.1
NVA-T2-C3-1950;REA;Não;Nova Amélia;Nova Amélia_T2;3;B171015289;CENAP72;1950;50;11/04/2019;05/06/2019;138;100;100;RS/Chico/Luca/Geremias;;Terra firme;E3;2;Vermelho 075;;;;1967.4;497.4;1997.4;0;1;11;43;0.205;2270.7
NVA-T2-C4-3250;REA;Não;Nova Amélia;Nova Amélia_T2;4;B171014757;CENAP55;3250;50;11/04/2019;05/06/2019;134;100;100;RS/Chico/Luca/Geremias;;Terra firme;E3;2;Vermelho 690;;;;263.6;891.6;3255.3;0;0;5;42;0.205;3606.0
NVA-T2-C5-4000;REA;Não;Nova Amélia;Nova Amélia_T2;5;B180520626;CENAP84;4000;60;11/04/2019;05/06/2019;333;100;100;RS/Chico/Luca/Geremias;;Terra firme;E3;2;Dourado 273;;;;433.6;627.6;3915.3;0;0;2;42;0.205;4269.0
NVA-T3-C1-2390;REA;Não;Nova Amélia;Nova Amélia_T3;1;B171015060;CENAP 03;2390;50;13/04/2019;06/06/2019;90;100;100;RS/Chico/Leno;;Páleo varzea;E3;3;Amarelo 938;Camera não liga, última foto 27/04/2019;27/04/2019;06/06/2019;6019.4;248.4;2411.8;0;5;17;70;0.205;3319.0
NVA-T3-C2-3050;REA;Não;Nova Amélia;Nova Amélia_T3;2;B171014263;CENAP 37;3050;50;13/04/2019;06/06/2019;478;100;100;RS/Chico/Leno;;Terra firme;E3;3;Azul 440;;;;5728.6;585.3;3123.7;0;0;14;68;0.205;3749.4
NVA-T3-C3-3750;REA;Não;Nova Amélia;Nova Amélia_T3;3;B171015191;CENAP 61;3750;35;13/04/2019;06/06/2019;802;100;100;RS/Chico/Leno;;Terra firme;E3;3;Dourado 498;;;;5058.2;138.2;3813.5;0;0;9;63;0.205;4403.6
NVA-T3-C4-4900;REA;Não;Nova Amélia;Nova Amélia_T3;4;B171015260;CENAP46;4900;45;13/04/2019;06/06/2019;3846;100;0;RS/Chico/Leno;;Terra firme;E3;3;Vermelho 402;Disparou;;;3982.9;592.1;4986.9;0;0;2;56;0.205;5490.9
NVA-T3-C5-5800;REA;Não;Nova Amélia;Nova Amélia_T3;5;B171015046;CENAP 28;5800;40;13/04/2019;06/06/2019;442;100;100;RS/Chico/Leno;;Terra firme;E3;3;Amarelo 188;;;;3280.1;156.6;5842.4;0;0;0;55;0.205;6262.2
PER-T1-C1-1080;RRL;Não;Periquito;Periquito;1;B171015043;CENAP32;1080;40;23/09/2018;11/11/2018;96;100;66;RS/Cando/Caboclo;;Mata primária;E3;T1;Vermelho 678;;;;13087.7;334.7;1148.2;0;33;51;117;0.271;1258.0
PER-T1-C2-1550;RRL;Não;Periquito;Periquito;2;B160713836;RCI47;1550;35;23/09/2018;11/11/2018;234;100;100;RS/Cando/Caboclo;;Mata primária;E2;T1;Azul 902;;;;12950.4;80.6;1651.9;0;32;50;115;0.271;1768.7
PER-T1-C3-2770;RRL;Não;Periquito;Periquito;3;B160316728;RCI46;2770;40;23/09/2018;11/11/2018;256;100;100;RS/Cando/Caboclo;;Mata primária;E2;T1;Dourado 891;;;;12499.1;592.3;2855.2;0;0;41;110;0.271;2975.6
PER-T1-C4-4000;RRL;Não;Periquito;Periquito;4;B171015088;CENAP34;4000;50;23/09/2018;11/11/2018;729;100;66;RS/Cando/Caboclo;;Mata primária;E3;T1;Dourado 360;;;;12286.9;374.9;4056.2;0;0;38;106;0.271;4177.0
PER-T1-C5-5850;RRL;Não;Periquito;Periquito;5;B171015119;CENAP33;5850;50;23/09/2018;11/11/2018;166;100;100;RS/Cando/Caboclo;;Mata primária;E3;T1;Amarelo 534;;;;12234.2;339.9;5946.9;0;0;5;96;0.271;6067.8
PER-T2-C1-550;RRL;Não;Periquito;Periquito;1;B171014421;CENAP35;100;40;24/09/2018;12/11/2018;95;100;66;RS/Cando/Caboclo;;Mata primária;E3;T2;Amarelo 188;;;;12865.0;24.7;549.9;1;38;56;118;0.271;435.3
PER-T2-C2-1550;RRL;Não;Periquito;Periquito;2;B160316254;RCI33;1550;35;24/09/2018;12/11/2018;277;100;100;RS/Cando/Caboclo;;Mata primária;E2;T2;Dourado 328;;;;13408.6;40.9;1552.6;0;36;60;113;0.271;1442.9
PER-T2-C3-2460;RRL;Não;Periquito;Periquito;3;B171015194;CENAP01;2460;45;24/09/2018;12/11/2018;104;100;100;RS/Cando/Caboclo;;Mata primária;E3;T2;Amarelo 498;;;;13967.0;16.4;2573.3;0;9;62;113;0.271;2464.8
PER-T2-C4-4090;RRL;Não;Periquito;Periquito;4;B160712493;RCI42;4090;35;24/09/2018;12/11/2018;258;100;66;RS/Cando/Caboclo;;Mata primária;E2;T2;Vermelho 136;;;;14092.0;656.1;4108.8;0;0;58;109;0.271;3980.1
PER-T2-C5-5670;RRL;Não;Periquito;Periquito;5;B171014591;CENAP37;5670;40;24/09/2018;12/11/2018;93;66;66;RS/Cando/Caboclo;;Mata primária;E3;T2;Verde 959;Árvore caída em frente à cameras;;;12785.7;577.4;5711.2;0;0;11;104;0.271;5586.6
PER-T3-C1-400;RRL;Não;Periquito;Periquito;1;B160313836;RS07;400;35;25/09/2018;13/11/2018;528;66;66;RS/Cando/Caboclo;;Mata primária;HD;T3;Amarelo 412;;;;11889.0;250.8;1093.8;0;34;58;116;0.271;321.2
PER-T3-C2-1520;RRL;Não;Periquito;Periquito;2;B160713827;RCI29;1520;35;25/09/2018;13/11/2018;144;200;66;RS/Cando/Caboclo;;Mata primária;E2;T3;Branco 166;;;;12237.7;448.7;1471.8;0;34;57;113;0.271;989.8
PER-T3-C3-2580;RRL;Não;Periquito;Periquito;3;B171015236;CENAP74;2580;45;25/09/2018;13/11/2018;189;100;66;RS/Cando/Caboclo;;Mata primária;E3;T3;Dourado 163;;;;12247.0;1044.3;2521.4;0;8;49;111;0.271;2048.8
PER-T3-C4-3880;RRL;Não;Periquito;Periquito;4;B171015267;CENAP21;4000;35;25/09/2018;13/11/2018;387;100;66;RS/Cando/Caboclo;;Mata primária;E3;T3;Dourado 788;;;;12120.4;282.5;3878.4;0;0;42;109;0.271;3386.1
PER-T3-C5-5670;RRL;Não;Periquito;Periquito;5;B171015027;CENAP23;5670;45;25/09/2018;13/11/2018;745;100;66;RS/Cando/Caboclo;;Mata primária;E3;T3;Azul 788;;;;11680.9;102.5;5495.3;0;0;4;100;0.271;4750.7
PER-T4-C1-1350;RRL;Não;Periquito;Periquito;1;B171015131;CENAP71;1350;45;26/09/2018;14/11/2018;69;66;66;RS/Cando/Caboclo;;Mata primária;E3;T4;Branco 792;;;;13654.3;80.5;1436.3;0;36;54;115;0.271;1519.8
PER-T4-C2-2070;RRL;Não;Periquito;Periquito;2;B110500890;RCI28;2070;40;26/09/2018;14/11/2018;225;100;100;RS/Cando/Caboclo;;Mata primária;HD preta;T4;Amarelo 873;;;;13959.6;257.6;2164.4;0;27;53;113;0.271;2253.6
PER-T4-C3-2830;RRL;Não;Periquito;Periquito;3;B171015261;CENAP76;2830;40;26/09/2018;14/11/2018;149;100;100;RS/Cando/Caboclo;;Mata primária;E3;T4;Azul 621;;;;14343.5;389.8;2930.9;0;5;49;109;0.271;3019.5
PER-T4-C4-4000;RRL;Não;Periquito;Periquito;4;B160614241;RCI50;4000;50;26/09/2018;14/11/2018;802;100;66;RS/Cando/Caboclo;;Mata primária;E2;T4;Verde 057;;;;14503.6;576.6;4096.0;0;0;46;103;0.271;4194.5
PER-T4-C5-6000;RRL;Não;Periquito;Periquito;5;B171015231;CENAP05;6000;45;26/09/2018;14/11/2018;119;100;100;RS/Cando/Caboclo;;Mata primária;E3;T4;Vermelho 690;;;;14935.4;369.3;6150.4;0;0;4;85;0.271;6256.4
POR-T1-C1-500;RMP;Não;Porongaba;Porongaba;1;B171015197;CENAP55;500;35;11/07/2019;29/08/2019;288;;0;RS/Bené/Raimundo;;TF;E3;1;DOURADO 788;;;;17185.5;542.5;351.2;7;8;17;50;0.125;949.6
POR-T1-C2-1000;RMP;Não;Porongaba;Porongaba;2;B160316253;RCI11;1000;40;11/07/2019;29/08/2019;105;;66;RS/Bené/Raimundo;;TF;E2;1;DOURADO 167;;;;16797.0;931.6;903.3;0;8;17;47;0.125;1423.2
POR-T1-C3-1980;RMP;Não;Porongaba;Porongaba;3;B171014778;CENAP50;1980;40;11/07/2019;29/08/2019;379;;100;RS/Bené/Raimundo;;TF;E3;1;DOURADO 226;;;;16497.9;1231.8;1910.3;0;8;16;29;0.125;2477.9
POR-T1-C4-3250;RMP;Não;Porongaba;Porongaba;4;B160316549;RCI15;3250;30;11/07/2019;29/08/2019;247;;66;RS/Bené/Raimundo;;TF;E2;1;VERDE 595;;;;15949.8;143.0;3229.7;0;0;12;29;0.125;3769.3
POR-T1-C5-4500;RMP;Não;Porongaba;Porongaba;5;B171015187;CENAP30;4500;45;11/07/2019;29/08/2019;314;;100;RS/Bené/Raimundo;;TF;E3;1;DOURADO 360;;;;15725.3;930.9;4513.0;0;0;8;29;0.125;5068.2
POR-T2-C1-2400;RMP;Não;Porongaba;Porongaba;1;B171014421;CENAP14;2400;30;11/07/2019;29/08/2019;564;;66;Henrique/Alberto/Preto;;TF;E3;2;AMARELO 873;;;;16033.9;1086.2;2327.3;0;8;12;29;0.125;2808.6
POR-T2-C2-3000;RMP;Não;Porongaba;Porongaba;2;B160316607;RCI45;3000;30;11/07/2019;29/08/2019;288;;100;Henrique/Alberto/Preto;;TF;E2;2;VERDE 282;;;;15382.7;1029.7;2836.0;0;0;12;29;0.125;3200.1
POR-T2-C3-3800;RMP;Não;Porongaba;Porongaba;3;B180520715;CENAP87;3800;30;11/07/2019;29/08/2019;58;;66;Henrique/Alberto/Preto;;TF;E3;2;CADEADO 216;;;;14595.9;206.5;3699.8;0;0;12;29;0.125;3990.8
POR-T2-C4-4100;RMP;Não;Porongaba;Porongaba;4;B160315366;RCI43;4100;20;11/07/2019;29/08/2019;240;;100;Henrique/Alberto/Preto;;TF;E2;2;CADEADO 402;;;;14152.3;21.7;3960.1;0;0;12;29;0.125;4055.0
POR-T2-C5-3300;RMP;Não;Porongaba;Porongaba;5;B180846007;CENAP09;3300;30;11/07/2019;29/08/2019;277;;100;Henrique/Alberto/Preto;;TF;E3;2;CADEADO 310;;;;14874.2;740.1;3184.4;0;0;12;29;0.125;3454.5
RED-T1-C1-750;RCI;Não;Redenção;Redenção;1;B160315670;RCI40;750;35;31/07/2018;14/09/2018;510;100;100;RS, Dimá, Djairo;Próximo a um igarapé;MP/igapó;E2;T1;Amarelo - 857;;;;5108.3;134.9;750.6;6;11;18;39;0.319;632.5
RED-T1-C2-1500;RCI;Não;Redenção;Redenção;2;B171015264;CENAP77;1500;40;31/07/2018;14/09/2018;110;100;100;RS, Dimá, Djairo;Mata alagável;MP/igapó;E3;T1;Vermelho - 479;;;;5920.2;51.5;1507.6;4;11;19;37;0.319;1463.4
RED-T1-C3-2550;RCI;Não;Redenção;Redenção;3;B171015262;CENAP78;2550;50;31/07/2018;14/09/2018;197;100;66;RS, Dimá, Djairo;Rastro tatu e paca;MP;E3;T1;Amarelo - 320;;;;6917.0;186.6;2579.9;0;6;15;36;0.319;2517.0
RED-T1-C4-3850;RCI;Não;Redenção;Redenção;4;B160614242;RCI15;3850;45;31/07/2018;14/09/2018;246;100;100;RS, Dimá, Djairo;Rastro catitu;MP;E2;T1;Verde - 689;Desconfigurou datas (2018-09-10);;;8183.2;426.5;3915.4;0;0;14;31;0.319;3843.5
RED-T1-C5-6050;RCI;Não;Redenção;Redenção;5;B171015025;CENAP70;6050;45;31/07/2018;14/09/2018;253;100;66;RS, Dimá, Djairo;Rastro veado + toca canastra;MP;E3;T1;sem;;;;10655.8;254.8;6203.5;0;0;3;23;0.319;6233.7
RED-T2-C1-1550;RCI;Não;Redenção;Redenção;1;B160316254;RCI33;1500;30;01/08/2018;14/09/2018;135;100;100;RS, Dimá, Djairo;;MP;E2;T2;Amarelo - 285;;;;6110.7;114.9;1573.3;0;11;17;37;0.319;1709.9
RED-T2-C2-2100;RCI;Não;Redenção;Redenção;2;B160713827;RCI29;2100;40;01/08/2018;14/09/2018;277;100;100;RS, Dimá, Djairo;Retirada - Rastro de veado e a gameleira frutifico;MP;E2;T2;Amarelo - 636;;;;6680.1;5.6;2170.1;0;9;15;36;0.319;2357.7
RED-T2-C3-3050;RCI;Não;Redenção;Redenção;3;B160316607;RCI26;3050;45;01/08/2018;14/09/2018;78;100;100;RS, Dimá, Djairo;Toca de canastra, pé de um açaí + igarapé seco;MP;E2;T2;Amarelo - 986;;;;7531.0;149.6;3055.9;0;4;13;35;0.319;3259.3
RED-T2-C4-4380;RCI;Não;Redenção;Redenção;4;B171015205;CENAP17;4380;40;01/08/2018;14/09/2018;40;100;66;RS, Dimá, Djairo;;MP;E3;T2;sem;;;;8410.2;304.7;4411.3;0;1;12;32;0.319;4647.1
RED-T2-C5-6200;RCI;Não;Redenção;Redenção;5;B171015033;CENAP69;6200;40;01/08/2018;14/09/2018;32;100;100;RS, Dimá, Djairo;;MP;E3;T2;sem;;;;9537.8;277.4;6246.1;0;1;2;25;0.319;6375.1
RED-T3-C1-950;RCI;Não;Redenção;Redenção;1;B160313856;RS02;950;35;02/08/2018;14/09/2018;320;100;66;RS, Dimá, Djairo;Baixo que alaga no inverno;MP/igapó;HD;T3;;Avistamento nambu preto na retirada;;;3837.9;728.6;956.9;0;11;22;43;0.319;51.0
RED-T3-C2-1700;RCI;Não;Redenção;Redenção;2;B171014817;CENAP15;1700;40;02/08/2018;14/09/2018;139;100;66;RS, Dimá, Djairo;Rastro de veado/folhagem seca;MP-Tab;E3;T3;Vermelho - 690;Aranha tampou a lente;30/08/2018;14/09/2018;2952.7;602.2;1706.2;0;7;24;47;0.319;34.7
RED-T3-C3-2500;RCI;Não;Redenção;Redenção;3;B160712347;RCI44;2500;40;02/08/2018;14/09/2018;187;100;66;RS, Dimá, Djairo;;MP;E2;T3;Amarelo - 699;;;;1955.1;123.4;2583.9;0;5;25;49;0.319;16.5
RED-T3-C4-3550;RCI;Não;Redenção;Redenção;4;B171014776;CENAP06;3550;45;02/08/2018;14/09/2018;85;100;100;RS, Dimá, Djairo;Próximo a uma gameleira, rastro de veado;MP;E3;T3;Amarelo - 534;;;;968.6;257.9;3658.7;0;4;25;54;0.319;64.6
RED-T3-C5-4500;RCI;Não;Redenção;Redenção;5;B160530750;RCI19;4500;45;02/08/2018;14/09/2018;96;100;66;RS, Dimá, Djairo;;MP;E2;T3;Chave;;;;7.0;719.8;4603.8;0;6;20;69;0.319;48.8
RED-T3-C6-6100;RCI;Não;Redenção;Redenção;6;B160614241;RCI50;6100;50;02/08/2018;14/09/2018;346;100;100;RS, Dimá, Djairo;Pé de uma embiriba, rastro paca + avi. Uru;MP;;T3;;;;;1418.5;181.5;6183.9;1;6;15;130;0.319;1442.7
REM-T1-C1-950;RMP;Não;Remanso;Remanso;1;B180521292;CENAP40;950;50;07/07/2019;27/08/2019;309;;66;RS/Alberto/Nonato;;TF;E3;1;AMARELO 345;;;;283.6;569.2;871.0;0;10;11;51;0.125;498.6
REM-T1-C2-1500;RMP;Não;Remanso;Remanso;2;B160316242;RCI41;1500;45;07/07/2019;27/08/2019;309;;66;RS/Alberto/Nonato;;TF;E2;1;DOURADO 819;;;;662.0;936.1;1485.7;0;10;11;52;0.125;867.6
REM-T1-C3-2300;RMP;Não;Remanso;Remanso;3;B180520626;CENAP17;2300;45;07/07/2019;27/08/2019;85;;100;RS/Alberto/Nonato;;TF;E3;1;DOURADO 255;Camera parou em 2019-07-16;16/07/2019;27/08/2019;1206.2;1081.0;2288.1;0;10;11;53;0.125;1460.8
REM-T1-C4-3750;RMP;Não;Remanso;Remanso;4;B180521290;CENAP95;3750;45;07/07/2019;27/08/2019;313;;66;RS/Alberto/Nonato;;TF;E3;1;VERMELHO 956;;;;2507.8;1627.5;3749.5;0;0;10;53;0.125;2740.7
REM-T1-C5-4500;RMP;Não;Remanso;Remanso;5;B171015221;CENAP08;4500;50;07/07/2019;27/08/2019;507;;66;RS/Alberto/Nonato;;TF;E3;1;DOURADO 220;;;;2988.3;1305.6;4464.1;0;0;10;49;0.125;3202.6
REM-T1-C6-5600;RMP;Não;Remanso;Remanso;6;B171014411;CENAP04;5600;55;07/07/2019;27/08/2019;415;;100;RS/Alberto/Nonato;;TF;E3;1;DOURADO 482;;;;3903.7;666.9;5536.5;0;0;0;34;0.125;4106.4
REM-T2-C1-1150;RMP;Não;Remanso;Remanso;1;B171015073;CENAP62;1150;40;08/07/2019;26/08/2019;218;;100;RS/Alberto/Nonato;;VÁRZEA;E3;2;DOURADO 923;;;;682.1;956.1;1171.3;0;10;11;55;0.125;905.1
REM-T2-C2-1850;RMP;Não;Remanso;Remanso;2;B171015241;CENAP01;1850;40;08/07/2019;26/08/2019;492;;66;RS/Alberto/Nonato;;VÁRZEA;E3;2;AMARELO 486;Última foto 8-8-2019;08/08/2019;26/08/2019;1126.3;806.5;1809.3;0;10;11;56;0.125;1343.1
REM-T2-C3-2700;RMP;Não;Remanso;Remanso;3;B171014766;CENAP19;2700;35;08/07/2019;26/08/2019;579;;66;RS/Alberto/Nonato;;VÁRZEA;E3;2;DOURADO 220;;;;1850.6;499.9;2632.6;0;0;10;56;0.125;2052.8
REM-T2-C4-4000;RMP;Não;Remanso;Remanso;4;B160614242;RCI50;4000;30;08/07/2019;26/08/2019;245;;66;RS/Alberto/Nonato;;VÁRZEA;E2;2;DOURADO 017;Data desconfigurou;;;2860.6;1116.5;3927.1;0;0;10;56;0.125;3130.5
REM-T2-C5-4950;RMP;Não;Remanso;Remanso;5;B171015220;CENAP84;4950;40;08/07/2019;26/08/2019;1239;;66;RS/Alberto/Nonato;;VÁRZEA;E3;2;DOURADO 196;;;;3935.5;622.8;4909.2;0;0;9;56;0.125;4208.1
REM-T2-C6-5900;RMP;Não;Remanso;Remanso;6;B171015068;CENAP66;5900;40;08/07/2019;26/08/2019;697;;100;RS/Alberto/Nonato;;TF;E3;2;DOURADO 861;;;;3694.6;368.2;5890.3;0;0;0;41;0.125;4167.5
ROC-T1-C3-4070;REA;Sim;Rocha;Rocha_T1-2;3;B171014269;CENAP77;4070;50;08/04/2019;04/06/2019;245;100;100;RS/Chico/Rocha;;Terra firme;E3;1;Dourado 064;;;;2791.6;227.2;4070.0;0;0;12;44;0.205;3681.4
ROC-T1-C4-4880;REA;Sim;Rocha;Rocha_T1-2;4;B180845940;CENAP18;4880;50;08/04/2019;04/06/2019;339;100;100;RS/Chico/Rocha;;Terra Firme;E3;1;Dourado 951;;;;3156.6;122.1;4800.0;0;0;9;41;0.205;4255.5
ROC-T1-C5-6050;REA;Sim;Rocha;Rocha_T1-2;5;B160712529;RCI10;6050;50;08/04/2019;04/06/2019;211;100;33;RS/Chico/Rocha;;Terra firme;E2;1;Vermelho 369;;;;3648.3;226.7;6500.0;0;0;6;41;0.205;4754.9
ROC-T2-C1-1150;REA;Sim;Rocha;Rocha_T1-2;1;B171014883;CENAP43;1150;30;10/04/2019;04/06/2019;140;100;100;RS/Chico/Rocha;;Terra firme;E3;2;Verde 959;;;;725.1;333.5;1169.5;0;5;10;45;0.205;712.7
ROC-T2-C2-1850;REA;Sim;Rocha;Rocha_T1-2;2;B160316521;RCI09;1850;40;10/04/2019;04/06/2019;291;100;100;RS/Chico/Rocha;;Terra firme;E2;2;Branco 166;;;;1616.9;878.5;1845.3;0;4;11;47;0.205;1552.4
ROC-T2-C3-2780;REA;Sim;Rocha;Rocha_T1-2;3;B171015221;CENAP69;2780;30;10/04/2019;04/06/2019;282;100;100;RS/Chico/Rocha;;Terra firme;E3;2;Verde 457;;;;2329.1;699.6;2785.3;0;1;15;47;0.205;2505.3
ROC-T2-C4-5400;REA;Sim;Rocha;Rocha_T1-2;4;B171015241;CENAP01;5400;35;08/04/2019;04/06/2019;376;100;100;RS/Chico/Rocha;;Terra firme;E3;2;Verde 874;;;;2987.0;636.9;5400.0;0;0;5;41;0.205;4922.1
ROC-T2-C5-6000;REA;Sim;Rocha;Rocha_T1-2;5;B160530748;RCI12;6000;50;08/04/2019;04/06/2019;370;100;100;RS/Chico/Rocha;;Terra firme;E2;2;Branco 597;;;;2934.0;822.1;6000.0;0;0;0;41;0.205;5370.3
ROC-T3-C1-500;REA;Não;Rocha;Rocha_T3;1;B160713827;RCI41;500;40;09/04/2019;04/06/2019;280;100;100;RS/Chico/Rocha;;Páleo-Várzea;E2;3;Dourado 763;;;;406.1;429.2;794.6;0;5;14;46;0.205;614.9
ROC-T3-C2-1500;REA;Não;Rocha;Rocha_T3;2;B180845977;CENAPX;1500;35;09/04/2019;04/06/2019;228;100;100;RS/Chico/Rocha;;Terra firme;E3;3;Amarelo 866;;;;1519.0;912.4;1902.5;0;5;14;44;0.205;1729.4
ROC-T3-C3-2770;REA;Não;Rocha;Rocha_T3;3;B171015245;CENAP24;2770;50;09/04/2019;04/06/2019;288;100;100;RS/Chico/Rocha;;Terra firme;E3;3;Vermelho 956;;;;2703.3;603.6;3089.9;0;0;11;44;0.205;2797.0
ROC-T3-C4-3500;REA;Não;Rocha;Rocha_T3;4;Sem Numeração;RCI48;3500;60;09/04/2019;04/06/2019;153;100;100;RS/Chico/Rocha;;Terra firme;E2;3;Verde 089;;;;3247.9;429.9;3806.0;0;0;10;44;0.205;3367.8
ROC-T3-C5-5000;REA;Não;Rocha;Rocha_T3;5;B171014753;CENAP39;5000;35;09/04/2019;04/06/2019;549;100;100;RS/Chico/Rocha;;Terra firme;E3;3;Dourado 720;;;;3922.3;24.1;5372.6;0;0;6;38;0.205;2661.3
SAN-T1-C1-3500;REA;Sim;Santana;Santana;1;B160713836;RCI34;3500;40;27/04/2019;12/06/2019;319;100;100;RS/Raimundo/Leo;;Páleo várzea;E2;1;Azul 621;;;;9295.3;595.7;3404.4;0;0;75;273;0.205;3704.3
SAN-T1-C2-3000;REA;Sim;Santana;Santana;2;B171015231;CENAP78;3000;30;27/04/2019;12/06/2019;123;100;100;RS/Raimundo/Leo;;Páleo várzea;E3;1;Dourado 681;;;;9013.7;788.5;2896.6;0;0;83;270;0.205;3172.0
SAN-T1-C3-2500;REA;Sim;Santana;Santana;3;B180521285;CENAP85;2500;40;27/04/2019;12/06/2019;940;100;100;RS/Raimundo/Leo;;Páleo várzea;E3;1;Amarelo 891;Aranha na lente/ 30/04/2019;30/04/2019;12/06/2019;8891.9;706.2;2382.9;0;5;82;272;0.205;2698.0
SAN-T1-C4-1700;REA;Sim;Santana;Santana;4;B171015194;CENAP51;1700;50;27/04/2019;12/06/2019;1227;100;100;RS/Raimundo/Leo;;Terra firme;E3;1;Verde 157;;;;8221.0;146.5;1563.8;0;11;92;257;0.205;1577.6
SAN-T1-C5-2000;REA;Sim;Santana;Santana;5;B180520670;CENAP88;2000;40;27/04/2019;12/06/2019;312;100;100;RS/Raimundo/Leo;;Terra firme;E3;1;Dourado 107;;;;8526.9;526.6;1868.5;0;11;85;266;0.205;2066.2
SAN-T1-C6-1900;REA;Sim;Santana;Santana;;B180520679;CENAP23;1900;50;27/04/2019;12/06/2019;265;100;100;RS/Raimundo/Leo;;Terra firme;E3;1;Dourado 226;;;;8994.9;518.4;1752.4;0;10;89;281;0.205;2251.5
SFO-T1-C1-500;RMP;Não;São Francisco;São Francisco;1;B171014753;CENAP02;500;45;05/07/2019;24/08/2019;270;;66;RS/Isaqueo/Alberto;;TF;E3;1;AMARELO 866;;;;232.0;538.2;523.7;0;2;20;36;0.125;507.0
SFO-T1-C2-1000;RMP;Não;São Francisco;São Francisco;2;B171015201;CENAP60;1000;45;05/07/2019;24/08/2019;480;;100;RS/Isaqueo/Alberto;;TF;E3;1;DOURADO 673;;;;692.2;990.1;990.2;0;2;20;38;0.125;1005.5
SFO-T1-C3-1600;RMP;Não;São Francisco;São Francisco;3;B160315614;RCI19;1600;45;05/07/2019;24/08/2019;240;;66;RS/Isaqueo/Alberto;;TF;E2;1;DOURADO 850;;;;1241.1;617.4;1623.1;0;2;15;38;0.125;1667.7
SFO-T1-C4-3100;RMP;Não;São Francisco;São Francisco;4;B171014796;CENAP86;3100;45;05/07/2019;24/08/2019;430;;66;RS/Isaqueo/Alberto;;TF;E3;1;DOURADO 283;;;;2630.7;798.3;3093.6;0;0;3;45;0.125;3149.1
SFO-T1-C5-4600;RMP;Não;São Francisco;São Francisco;5;B171014269;CENAP43;4600;40;05/07/2019;24/08/2019;562;;100;RS/Isaqueo/Alberto;;TF;E3;1;DOURADO 408;;;;4189.7;2173.1;4640.7;0;0;2;33;0.125;4691.3
SFO-T1-C6-6000;RMP;Não;São Francisco;São Francisco;6;B171014757;CENAP83;6000;50;05/07/2019;24/08/2019;435;;66;RS/Isaqueo/Alberto;;TF;E3;1;AMARELO 986;;;;5010.5;1590.9;6073.8;0;0;0;38;0.125;5171.3
SFO-T2-C1-1000;RMP;Não;São Francisco;São Francisco;1;B171015245;CENAP07;1000;35;05/07/2019;24/08/2019;270;;100;Henrique/Bené/Chicó;;TF;E3;2;DOURADO 376;;;;193.8;645.3;1126.8;0;2;11;35;0.125;813.9
SFO-T2-C2-1550;RMP;Não;São Francisco;São Francisco;2;B160713836;RCI38;1550;30;05/07/2019;24/08/2019;151;;100;Henrique/Bené/Chicó;;TF;E2;2;CADEADO 578;;;;600.2;996.3;1546.1;0;2;10;35;0.125;1225.4
SFO-T2-C3-2400;RMP;Não;São Francisco;São Francisco;3;B171014783;CENAP64;2400;40;05/07/2019;24/08/2019;646;;66;Henrique/Bené/Chicó;;TF;E3;2;AMARELO 498;;;;1503.2;1438.7;2382.4;0;2;9;35;0.125;2142.9
SFO-T2-C4-3750;RMP;Não;São Francisco;São Francisco;4;B171015033;CENAP52;3750;35;05/07/2019;24/08/2019;523;;100;Henrique/Bené/Chicó;;TF;E3;2;VERMELHO 688;;;;2975.3;1197.5;3788.4;0;0;2;38;0.125;3612.7
SFO-T2-C5-4760;RMP;Não;São Francisco;São Francisco;5;B171015264;CENAP31;4760;35;05/07/2019;24/08/2019;510;;0;Henrique/Bené/Chicó;;TF;E3;2;DOURADO 107;;;;3989.8;1464.9;4794.1;0;0;2;34;0.125;4626.8
SFO-T2-C6-6000;RMP;Não;São Francisco;São Francisco;6;B171015258;CENAP74;6000;35;05/07/2019;24/08/2019;161;;66;Henrique/Bené/Chicó;;TF;E3;2;CADEADO 171;;;;5204.0;1303.6;6008.8;0;0;0;20;0.125;5841.6
SJE-T1-C1-1200;REA;Não;Extrema;Extrema_T1;1;B160316440;RCI31;1200;40;14/04/2019;07/06/2019;150;100;100;RS/Chico/Dinho;;Terra firme;E2;1;Amarelo 486;;;;1651.3;386.9;1193.4;0;4;19;69;0.205;1459.3
SJE-T1-C2-1900;REA;Não;Extrema;Extrema_T1;2;B171015088;CENAP09;1900;50;14/04/2019;07/06/2019;90;100;100;RS/Chico/Dinho;;Terra firme;E3;1;Dourado 196;;;;1192.6;623.6;1955.4;0;4;18;69;0.205;2001.2
SJE-T1-C3-2600;REA;Não;Extrema;Extrema_T1;3;B171014778;CENAP 15;2600;60;14/04/2019;07/06/2019;100;100;100;RS/Chico/Dinho;;Terra firme;E3;1;Verde 282;;;;1289.2;487.6;2609.0;0;0;8;58;0.205;2684.0
SJE-T1-C4-3900;REA;Não;Extrema;Extrema_T1;4;B171014411;CENAP 75;3900;50;14/04/2019;07/06/2019;354;100;100;RS/Chico/Dinho;;Terra firme;E3;1;Verde 595;Data desconfigurou, útlima foto 7/6/2019 16:07;;;1209.0;648.0;3924.2;0;0;8;36;0.205;3746.5
SJE-T1-C5-5100;REA;Não;Extrema;Extrema_T1;5;B171015220;CENAP 40;5100;50;14/04/2019;07/06/2019;630;100;100;RS/Chico/Dinho;;Terra firme;E3;1;Dourado 861;;;;1763.7;445.4;5116.9;0;0;1;32;0.205;5097.5
SJE-T2-C1-650;REA;Não;Extrema;Extrema_T2-3-4;1;B171015119;CENAP80;650;50;15/04/2019;07/06/2019;100;100;66;RS/Chico/Dinho;;Páleo várzea;E3;2;Dourado 788;;;;3235.0;499.5;726.8;0;17;19;63;0.205;1319.8
SJE-T2-C2-1420;REA;Não;Extrema;Extrema_T2-3-4;2;B160713813;RCI23;1420;40;15/04/2019;07/06/2019;180;100;33;RS/Chico/Dinho;;Páleo várzea;E2;2;Amarelo 285;Camera parou, última foto 28/05/2019; 28/05/2019;07/06/2019;2585.6;796.0;1498.0;0;14;18;50;0.205;2138.6
SJE-T2-C3-2250;REA;Não;Extrema;Extrema_T2-3-4;3;B171014569;CENAP13;2250;40;15/04/2019;07/06/2019;3819;100;0;RS/Chico/Dinho;;Páleo várzea;E3;2;Amarelo 320;Camera disparou;18/04/2019;07/06/2019;2195.9;660.8;2325.7;0;12;17;50;0.205;3017.8
SJE-T2-C4-3700;REA;Não;Extrema;Extrema_T2-3-4;4;B171015258;CENAP45;3700;50;15/04/2019;07/06/2019;305;100;100;RS/Chico/Dinho;;Terra firme;E3;2;??;;;;2197.8;58.7;3755.1;0;0;14;40;0.205;4492.6
SJE-T2-C5-6070;REA;Não;Extrema;Extrema_T2-3-4;5;B171014765;CENAP58;6070;40;15/04/2019;07/06/2019;133;100;100;RS/Chico/Dinho;;Terra firme;E3;2;Vermelho 136;;;;813.3;528.3;6172.6;0;0;0;19;0.205;6824.2
SJE-T3-C1-1150;REA;Não;Extrema;Extrema_T2-3-4;1;B171015025;CENAP14;1150;55;16/04/2019;08/06/2019;102;100;100;RS/Chico/Dinho;;Terra firme;E3;3;Amarelo 201;;;;2741.7;774.6;1232.0;0;17;19;61;0.205;1637.1
SJE-T3-C2-1900;REA;Não;Extrema;Extrema_T2-3-4;2;B171014765;CENAP29;1900;50;16/04/2019;08/06/2019;124;100;100;RS/Chico/Dinho;;Terra firme;E3;3;Dourado 979;;;;1948.3;842.4;2026.7;0;13;18;54;0.205;2374.2
SJE-T3-C3-2700;REA;Não;Extrema;Extrema_T2-3-4;3;B171014817;CENAP17;2700;50;16/04/2019;08/06/2019;24;100;100;RS/Chico/Dinho;;Terra firme-Tab;E3;3;Dourado 818;não reconheceu o cartão;16/04/2019;08/06/2019;1135.8;452.4;2827.0;0;0;17;44;0.205;3181.2
SJE-T4-C1-450;REA;Não;Extrema;Extrema_T2-3-4;1;B171015045;CENAP48;450;35;17/04/2019;08/06/2019;93;100;100;RS/Chico/Dinho;;Terra firme;E3;4;Dourado 740;Camera quebrou, última foto 30/04/2019; 30/04/2019;08/06/2019;4330.2;280.5;379.6;12;17;26;70;0.205;621.0
SJE-T4-C2-1070;REA;Não;Extrema;Extrema_T2-3-4;2;B160316255;RCI50;1070;35;17/04/2019;08/06/2019;298;100;100;RS/Chico/Dinho;;Terra firme-tab;E2;4;Amarelo 498;;;;3848.9;168.1;1101.7;0;14;19;60;0.205;1784.4
SJE-T4-C3-1930;REA;Não;Extrema;Extrema_T2-3-4;3;B160614241;RCI27;1930;50;17/04/2019;08/06/2019;189;100;100;RS/Chico/Dinho;;Terra firme;E2;4;Dourado 484;;;;3689.3;225.0;1876.3;0;13;18;54;0.205;2586.2
SJE-T4-C4-3250;REA;Não;Extrema;Extrema_T2-3-4;4;B171014262;CENAP44;3250;45;17/04/2019;08/06/2019;555;100;100;RS/Chico/Dinho;;Terra firme;E3;4;Branco 214;;;;2771.9;1082.8;3302.9;0;0;15;46;0.205;4044.8
SJE-T4-C5-5500;REA;Não;Extrema;Extrema_T2-3-4;5;B171015033;CENAP22;5500;40;17/04/2019;08/06/2019;279;100;100;RS/Chico/Dinho;;Terra firme;E3;4;Amarelo 699;;;;585.2;205.2;5563.2;0;0;0;40;0.205;6241.6
SJE-T4-C6-6550;REA;Não;Extrema;Extrema_T2-3-4;6;B171014781;CENAP36;6550;50;17/04/2019;08/06/2019;1533;100;66;RS/Chico/Dinho;;Terra firme;E3;4;Dourado 482;;;;509.0;521.1;6604.2;0;0;0;25;0.205;7314.5
STA-T1-C1-1170;REA;Sim;Santa Amélia;Santa Amélia;1;B180521314;CENAP91;1170;50;07/04/2019;03/06/2019;1351;100;;RS/Chico/Delegado;;Terra firme;E3;1;Azul 578;;;;11160.4;257.7;1175.5;0;18;37;72;0.205;1184.4
STA-T1-C2-1750;REA;Sim;Santa Amélia;Santa Amélia;2;B171014766;CENAP57;1750;35;07/04/2019;03/06/2019;82;100;100;RS/Chico/Delegado;;Terra firme;E3;1;Dourado 788;;;;11390.9;207.9;1759.6;0;18;37;70;0.205;1778.3
STA-T1-C3-2700;REA;Sim;Santa Amélia;Santa Amélia;3;B160614242;RCI49;2700;45;06/04/2019;03/06/2019;216;100;100;RS/Chico/Delegado;;Terra Firme;E2;1;Amarelo 345;;;;11395.1;207.6;2741.8;0;0;35;68;0.205;2761.7
STA-T1-C4-4200;REA;Sim;Santa Amélia;Santa Amélia;4;B171014783;CENAP05;4200;40;06/04/2019;03/06/2019;384;100;100;RS/Chico/Delegado;;Terra Firme;E3;1;Dourado 146;;;;10935.1;456.6;4243.3;0;0;22;57;0.205;4258.7
STA-T1-C5-6200;REA;Sim;Santa Amélia;Santa Amélia;5;B171015077;CENAP21;6200;40;06/04/2019;03/06/2019;55;100;100;RS/Chico/Delegado;;Terra firme;E3;1;Dourado 408;;;;10391.3;189.7;6259.6;0;0;0;41;0.205;6230.9
STA-T2-C1-2250;REA;Sim;Santa Amélia;Santa Amélia;1;B160316242;RCI11;2250;40;07/04/2019;03/06/2019;468;100;100;RS/Chico/Delegado;;Terra firme;E2;2;Azul 788;;;;11586.6;49.0;2274.7;0;16;37;72;0.205;2297.3
STA-T2-C2-2900;REA;Sim;Santa Amélia;Santa Amélia;2;B171015068;CENAP32;2900;35;07/04/2019;03/06/2019;444;100;100;RS/Chico/Delegado;;Terra firme;E3;2;Amarelo 826;;;;10343.2;624.3;2932.7;0;0;35;61;0.205;2857.8
STA-T2-C3-2800;REA;Sim;Santa Amélia;Santa Amélia;3;B160712554;RCI43;2800;60;07/04/2019;03/06/2019;241;100;66;RS/Chico/Delegado;;Terra firme;E2;2;Dourado 850;;;;10944.2;416.2;2812.8;0;0;35;63;0.205;2825.7
STA-T2-C4-5000;REA;Sim;Santa Amélia;Santa Amélia;4;B171015201;CENAP38;5000;45;06/04/2019;03/06/2019;252;100;100;RS/Chico/Delegado;;Terra firme;E3;2;Vermelho 688;;;;11785.5;674.6;5026.4;0;0;0;59;0.205;5047.8
STA-T2-C5-5950;REA;Sim;Santa Amélia;Santa Amélia;5;B160316254;RCI45;5950;45;06/04/2019;03/06/2019;210;100;100;RS/Chico/Delegado;;Terra firme;E2;2;Azul 902;;;;12487.0;129.0;5991.7;0;0;0;58;0.205;5932.8